-- phpMyAdmin SQL Dump
-- version 4.5.1
-- http://www.phpmyadmin.net
--
-- Host: 127.0.0.1
-- Generation Time: Feb 07, 2017 at 09:18 PM
-- Server version: 10.1.19-MariaDB
-- PHP Version: 5.6.28

SET SQL_MODE = "NO_AUTO_VALUE_ON_ZERO";
SET time_zone = "+00:00";


/*!40101 SET @OLD_CHARACTER_SET_CLIENT=@@CHARACTER_SET_CLIENT */;
/*!40101 SET @OLD_CHARACTER_SET_RESULTS=@@CHARACTER_SET_RESULTS */;
/*!40101 SET @OLD_COLLATION_CONNECTION=@@COLLATION_CONNECTION */;
/*!40101 SET NAMES utf8mb4 */;

--
-- Database: `baza_zavrsni`
--
CREATE DATABASE IF NOT EXISTS `baza_zavrsni` DEFAULT CHARACTER SET latin1 COLLATE latin1_swedish_ci;
USE `baza_zavrsni`;

-- --------------------------------------------------------

--
-- Table structure for table `djete`
--

CREATE TABLE `djete` (
  `iddjete` int(11) NOT NULL,
  `ime` varchar(45) NOT NULL,
  `datumRodenja` date NOT NULL,
  `roditeljID` int(11) NOT NULL,
  `tezina` float NOT NULL,
  `visina` float NOT NULL,
  `spol` char(1) NOT NULL
) ENGINE=InnoDB DEFAULT CHARSET=utf8;

--
-- Dumping data for table `djete`
--

INSERT INTO `djete` (`iddjete`, `ime`, `datumRodenja`, `roditeljID`, `tezina`, `visina`, `spol`) VALUES
(2, 'Ivana', '2015-11-03', 4, 2345, 50, 'Z'),
(6, 'Rena', '2016-11-02', 13, 3900, 50, 'Z'),
(7, 'Ana', '2015-12-09', 4, 3100, 50, 'Z'),
(11, 'Mihael', '2015-12-25', 3, 3120, 50, 'M'),
(12, 'Miha', '2015-12-25', 3, 3120, 50, 'M');

-- --------------------------------------------------------

--
-- Table structure for table `djetepodaci`
--

CREATE TABLE `djetepodaci` (
  `iddjetePodaci` int(11) NOT NULL,
  `djeteID` int(11) NOT NULL,
  `tezina` float NOT NULL,
  `visina` float NOT NULL,
  `opsegGlave` float DEFAULT NULL,
  `datumMjerenja` date NOT NULL,
  `obrokDan` int(11) NOT NULL,
  `obrokNoc` int(11) NOT NULL
) ENGINE=InnoDB DEFAULT CHARSET=utf8;

--
-- Dumping data for table `djetepodaci`
--

INSERT INTO `djetepodaci` (`iddjetePodaci`, `djeteID`, `tezina`, `visina`, `opsegGlave`, `datumMjerenja`, `obrokDan`, `obrokNoc`) VALUES
(4, 2, 2345, 50, NULL, '2015-11-03', 0, 0),
(5, 2, 2500, 51, NULL, '2015-12-25', 10, 1),
(12, 2, 5478, 99, NULL, '2016-11-12', 1, 2),
(13, 6, 3900, 50, NULL, '2016-11-02', 0, 0),
(14, 7, 3100, 50, NULL, '2015-12-09', 0, 0),
(15, 7, 3450, 51, NULL, '2016-01-12', 0, 0),
(16, 7, 3900, 53, NULL, '2016-02-09', 0, 0),
(17, 6, 4000, 54, NULL, '2016-12-12', 0, 0),
(18, 6, 5700, 62, NULL, '2017-01-08', 0, 0),
(30, 6, 7800, 68, NULL, '2017-02-07', 0, 0),
(37, 11, 3120, 50, NULL, '2015-12-25', 0, 0),
(38, 11, 4160, 53, NULL, '2016-01-26', 12, 2),
(39, 11, 5110, 55, NULL, '2016-02-24', 12, 1),
(40, 11, 5820, 59, NULL, '2016-03-24', 10, 2),
(41, 11, 6280, 62, NULL, '2016-04-26', 10, 2),
(42, 11, 7420, 68, NULL, '2016-06-29', 10, 1),
(43, 11, 8340, 72, NULL, '2016-09-07', 10, 1),
(44, 11, 9140, 77, NULL, '2016-12-27', 7, 1),
(45, 12, 3120, 50, NULL, '2015-12-25', 0, 0),
(46, 12, 4160, 53, NULL, '2016-01-26', 12, 2),
(47, 12, 5110, 55, NULL, '2016-02-24', 12, 2),
(48, 12, 5820, 59, NULL, '2016-03-24', 12, 2);

-- --------------------------------------------------------

--
-- Table structure for table `korisnik`
--

CREATE TABLE `korisnik` (
  `idkorisnik` int(11) NOT NULL,
  `ime` varchar(45) NOT NULL,
  `prezime` varchar(45) NOT NULL,
  `email` varchar(45) NOT NULL,
  `lozinka` varchar(45) NOT NULL,
  `vrijemeReg` timestamp NOT NULL DEFAULT CURRENT_TIMESTAMP
) ENGINE=InnoDB DEFAULT CHARSET=utf8;

--
-- Dumping data for table `korisnik`
--

INSERT INTO `korisnik` (`idkorisnik`, `ime`, `prezime`, `email`, `lozinka`, `vrijemeReg`) VALUES
(3, 'Ivana', 'Mikulec', 'one.fallen.angel94@gmail.com', 'kiki5454', '2016-11-07 17:45:05'),
(4, 'Kristijan', 'Mikulec', 'kiki.mikulec@net.hr', '1234', '2016-11-07 17:45:05'),
(6, 'Marina', 'Princip', 'ivana_014_@hottmail.com', 'kiki5454', '2016-11-07 17:45:05'),
(9, 'terminator', 'google', 'robot@google.com', 'roboting', '2016-11-07 17:45:05'),
(10, 'Admin', 'Admin', 'admin@admin.hr', 'admin', '2016-11-07 17:45:05'),
(13, 'Kristijan', 'Mikulec', 'kristijan.mikulec@racunarstvo.hr', 'kiki123', '2017-01-05 11:08:55');

-- --------------------------------------------------------

--
-- Table structure for table `postovi`
--

CREATE TABLE `postovi` (
  `idpostovi` int(11) NOT NULL,
  `naslov` varchar(25) NOT NULL,
  `slika` varchar(250) DEFAULT NULL,
  `tekst` mediumtext NOT NULL,
  `izvor_ime` varchar(45) NOT NULL,
  `Izvor_link` varchar(250) NOT NULL,
  `kategorija` int(1) NOT NULL
) ENGINE=InnoDB DEFAULT CHARSET=utf8;

--
-- Dumping data for table `postovi`
--

INSERT INTO `postovi` (`idpostovi`, `naslov`, `slika`, `tekst`, `izvor_ime`, `Izvor_link`, `kategorija`) VALUES
(25, 'Atopijski dermatitis  ', 'http://www.kozmo.hr/files/image/%C4%8Dlanak%20-%20savjeti%20za%20mame/atopijski-dermatitis.jpg', '<p><strong>O atopijskom dermatitisu</strong></p>\r\n<p>Atopijski dermatitis je multifaktorijalno uzrokovana bolest čija je prevalencija u rasponu od 10-15%.</p>\r\n<p>Atopijski dermatitis je kronična kožna bolest koja je često povezana s povi&scaron;enim razinama imunoglobulina E (IgE) u serumu, osobnom ili obiteljskom anamnezom o postojanju alergija tipa I, alergijskog rinitisa ili astme. U većini zemalja svijeta prevalencija je u rasponu od 10-15%, s tendencijom porasta incidencije bolesti.</p>\r\n<p>&nbsp;</p>\r\n<p>Danas je poznato da je atopijski dermatitis multifaktorijalno uzrokovana bolest u čijem nastanku sudjeluje vi&scaron;e genetskih čimbenika te čimbenika iz okoli&scaron;a. U 45% slučajeva bolest se manifestira tijekom prvih 6 mjeseci života, u 60% tijekom prve godine života, a do pete godine života bolest se ispolji u 85% slučajeva.</p>\r\n<p>Klinička slika</p>\r\n<p>Klinička slika vrlo je ovisna o dobi bolesnika. Tako je kod djece do dvije godine života karakteristično zahvaćanje ekstenzornih strana ekstremiteta i lica. Promjene su u akutnom stadiju uglavnom praćene intenzivnim svrbežom; nadalje, prisutne su eritematozne papule i vezikule na ekcematoznoj koži, kao i ekskorijacije, erozije i vlažne promjene.</p>\r\n<p>Kod djece starije od 2 godine promjene zahvaćaju fleksorne strane ekstremiteta, dok su kod adolescenata i odraslih promjene če&scaron;će u subakutnom i kroničnom stadiju uz vidljive ekskorijacije, lju&scaron;tenje i lihenifikaciju (pojačani kožni crtež).</p>\r\n<p>&nbsp;</p>\r\n<p><strong>Provocirajući čimbenici</strong></p>\r\n<p>Stres, autoantigeni, razni iritansi i mikroorganizmi mogu provocirati pogor&scaron;anje kliničke slike u osoba s atopijskim dermatitisom.</p>\r\n<p>Danas je dobro poznato da brojni čimbenici mogu provocirati recidiv ili pogor&scaron;anje kliničke slike u bolesnika s atopijskim dermatitisom. To su u prvom redu stres, potom neki autoantigeni, razni iritansi (gruba ili vunena odjeća, kemijski iritansi u sredstvima za či&scaron;ćenje kože), ali i različiti mikroorganizmi kao &scaron;to je bakterija Staphylococcus aureus, gljive roda Malassezia te virus herpesa.</p>\r\n<p>Kada govorimo o specifičnim alergenima, postoji razlika ovisna o dobi bolesnika. Tako kod djece mlađe od 3 godine najvažniju ulogu imaju nutritivni alergeni kao &scaron;to su jaja, mlijeko, bra&scaron;no, soja i kikiriki. U djece starije od 3 godine dominiraju inhalacijski alergeni poput grinja kućne pra&scaron;ine, peludi korova, dlaka životinja i plijesni.</p>\r\n<p>Ovdje je važno naglasiti i pojavu atopijskog mar&scaron;a koji označava prijelaz iz jedne u drugu atopijsku bolest. Atopijski mar&scaron; počinje u dojenčadi kao atopijski dermatitis - u tom smislu on postaje "ulazna točka" za kasniji razvoj alergijskog rinitisa i bronhalne astme. &Scaron;to bolesnik ima teži oblik atopijskog dermatitisa, veći je rizik od nastanka bronhalne astme.</p>\r\n<p>&nbsp;</p>\r\n<p>Postavljanje dijagnoze</p>\r\n<p>Tipične kožne promjene, kronično-recidivirajući tijek i pozitivna obiteljska anamneza predstavljaju tri osnovna kriterija za postavljanje dijagnoze.</p>\r\n<p>Dijagnoza atopijskog dermatitisa prvenstveno je klinička, na temelju uspostavljenih kriterija po Hanifinu i Rajki. Tri su osnovna kriterija za dijagnozu: pojava tipičnih kožnih promjena i njihova distribucija (lihenifikacija pregiba ili pojačan kožni crtež u odraslih, tj. zahvaćenost lica i ekstenzornih povr&scaron;ina u dojenčadi i male djece), kroničan ili kronično-recidivirajući tijek dermatitisa te pozitivna osobna ili obiteljska anamneza za atopijske bolesti (astma, alergijski rinitis ili atopijski dermatitis). Sporednih kriterija ima ukupno 23, a za postavljanje dijagnoze ove bolesti moraju biti prisutna 3 ili vi&scaron;e kriterija iz svake skupine.</p>\r\n<p>Pojednostavljeni kriteriji za postavljanje dijagnoze obuhvaćaju tipične morfolo&scaron;ke promjene karakteristične za dob, tipične lokalizacije ovisne o dobi, svrbež, atopijske stigme, atopiju u osobnoj ili obiteljskoj anamnezi te IgE-posredovanu preosjetljivost. Sama dijagnostička obrada uključuje podatke dobivene od bolesnika ili obitelji (anamneza), specifične kožne testove, biokemijske testove, kao i provokacijske testove.</p>\r\n<p>&nbsp;</p>\r\n<p><strong>Lokalno liječenje</strong></p>\r\n<p>U lokalnoj terapiji atopijskog dermatitisa koriste se emolijensi, lokalni kortikosteroidi i lokalni inhibitori kalcineurina.</p>\r\n<p>Prema smjernicama Europskog dru&scaron;tva za dermatovenerologiju, liječenje atopijskog dermatitisa treba biti prilagođeno svakom pojedinom bolesniku, uzimajući u obzir individualnu varijabilnost bolesti. Osnova liječenja je lokalno hidratiziranje kože te izbjegavanje specifičnih i nespecifičnih provocirajućih čimbenika.</p>\r\n<p>Emolijensi su lokalni pripravci s okluzivnim i/ili hidratizirajućim učinkom kako bi se održala vlažnost i mekoća kože. Obično se radi o emulzijama tipa "ulje u vodi" ili "voda u ulju". Osnova su općeg liječenja atopijskog dermatitisa kako u recidivu, tako i tijekom remisije bolesti. Dodatak polidokanola ublažit će svrbež, dok će dodatak ureje intenzivno hidratizirati kožu. Preporučena tjedna količina emolijensa za malu djecu iznosi 150-200 grama, a za odrasle do 500 grama.</p>\r\n<p>Lokalni kortikosteroidni pripravci lijek su prvog izbora u liječenju atopijskog dermatitisa, a uz lokalne inhibitore kalcineurina predstavljaju protuupalne lijekove u terapiji ovih bolesnika. Preporučuje ih se koristiti uz osnovnu terapiju emolijensima, kako bi se smanjila potreba za velikom dozom kortikosteroida. Danas su nuspojave ovog oblika liječenja &nbsp;dobro poznate te ih se može izbjeći pravilnom upotrebom (primjerice, ne dozirati vi&scaron;e od dvaput dnevno). Osim već poznatih učinaka sami kortikosteroidi imaju i učinak na citokin interleukin 1&szlig; koji se pojačano luči u pogor&scaron;anju bolesti. Proaktivna primjena &nbsp;jednom do dvaput tjedno tijekom 3 mjeseca po smirivanju upale &nbsp;omogućava obnovu kožne barijere i odgađa recidiv bolesti.</p>\r\n<p>Lokalni inhibitori kalcineurina (pimekrolimus 1% krema, takrolimus 0,03% i 0,1% mast) se u terapiji koriste ako je zahvaćeno do 10% povr&scaron;ine tijela, napose u osjetljivim regijama poput lica i genitalne regije. I kod ove skupine lijekova može se primijeniti proaktivna primjena, kao &scaron;to je navedeno za lokalne kortikosteroide.</p>\r\n<p>&nbsp;</p>\r\n<p style="text-align: justify;"><strong>Sustavno liječenje</strong></p>\r\n<p>Sustavna terapija atopijskog dermatitisa obuhvaća nekoliko oblika liječenja. Jedan od glavnih jest fototerapija, &scaron;to označava primjenu obasjavanja ultraljubičastim zrakama. Danas se u liječenju atopijskog dermatitisa najče&scaron;će preporučuje &nbsp;primjena UVA1 ili &nbsp;"uskospektralna" UVB fototerapija (valne duljine 311 nm).</p>\r\n<p>Sustavno imunosupresivno liječenje jest terapija izbora u težim refraktornim slučajevima bolesti. Lijekovi koji se koriste u liječenju atopijskog dermatitisa uglavnom uključuju &nbsp;imunosupresivne pripravke poput kortikosteroida, ciklosporina, metotreksata, azatioprina ili mikofenolat-mofetila. Biolo&scaron;ki lijekovi poput omalizumaba, rituksimaba ili alefacepta se također mogu primijeniti u određenih skupina bolesnika.</p>\r\n<p>Kako kolonizacija ili superinfekcija određenim mikroorganizmima može dovesti do recidiva ili pogor&scaron;anja bolesti, u nekim je slučajevima indicirano provođenje antimikrobne terapije. Nadalje, alergen-specifična imunoterapija može imati dobar učinak u određenih bolesnika s visokom preosjetljivosti na inhalacijske alergene, osobito grinje kućne pra&scaron;ine.</p>\r\n<p>I lokalno i sustavno liječenje mora pratiti adekvatna edukacija, &scaron;to je proces usmjeren na bolesnika, a obuhvaća prijenos vje&scaron;tina od &nbsp;zdravstvenog djelatnika na bolesnika i/ili osobe koje se za njega brinu. Na taj način dolazi do pobolj&scaron;ane suradljivosti bolesnika, sprečavanja komplikacija i pobolj&scaron;anja cjelokupne kvalitete života.</p>\r\n<p>Novosti u spoznajama o atopijskom dermatitisu</p>\r\n<p>*uporaba antibiotika u prvoj godini života povezana je s povećanom incidencijom atopijskog dermatitisa</p>\r\n<p>*nema dokaza da prehrana temeljena isključivo na majčinom mlijeku tijekom prvih 7 mjeseci života smanjuje rizik nastanka atopijskog dermatitisa u dojenčadi u usporedbi s kraćim razdobljem dojenja</p>\r\n<p>*postoje valjani dokazi koji govore u prilog učinkovitosti probiotika i prebiotika u prevenciji atopijskog dermatitisa</p>\r\n<p>*kućni ljubimici (poglavito psi) imaju protektivni učinak u razvoju atopijskog dermatitisa u dojenčadi</p>', 'plivazdravlje.hr', 'http://www.plivazdravlje.hr/aktualno/clanak/26914/Atopijski-dermatitis.html', 1),
(27, 'Zimske bolesti', 'http://klokanica.24sata.hr/slika/najcesce-zimske-bolesti-1321-800x533-20131116234039.jpg', '<p style="text-align: justify;">Dijete rođeno zdravo, u prvoj godini života, rijetko obolijeva jer je za&scaron;tićeno brigom svojih najbližih i nema toliku slobodu kretanja. U velikoj su prednosti djeca na prirodnoj prehrani jer majčino mlijeko nije samo hrana već i za&scaron;tita od bolesti. Prvo mlijeko, tzv. kolostrum je zapravo prvo cijepljenje jer se tako majčina antitijela prenose na dijete. Tako hranjena djeca manje obolijevaju od respiratornih bolesti, osobito upale uha i bolesti poremećaja prehrane.</p>\r\n<p style="text-align: justify;">Složit ćemo se da nastupa vrijeme zatvorenih prostora, kao osnovnog preduvjeta za lak&scaron;e &scaron;irenje zaraze, doba zagrijavanja domova uglavnom centralnim grijanjem &scaron;to rezultira suhim zrakom. Za dojenče je primjereno da se ne izlaže zatvorenim prostorima s puno ljudi, osobito ako netko od njih ima zdravstvenih problema, pogotovo ako ka&scaron;lje, jer se tako bolest vrlo brzo &scaron;iri. Preporuka je izbjegavati ljubiti dijete u ručice, koje će kasnije, najvjerojatnije staviti u usta. Prije bilo kakvog kontakta s malim djetetom obaveza je dobro oprati ruke. Pretpostavljam da ne treba podsjećati na &scaron;tetnost pu&scaron;enja u prisustvu malog djeteta, da prostoriju u kojoj ono boravi treba če&scaron;će provjetravati i ne ju previ&scaron;e zagrijavati.</p>\r\n<p style="text-align: justify;"><strong>Najvažnije je održavati higijenu nosa</strong></p>\r\n<p style="text-align: justify;">&nbsp;</p>\r\n<p style="text-align: justify;">Najče&scaron;ća bolest zimskog razdoblja u toj dobi je obična prehlada. To nije opasna bolest, ali za bebicu koja si&scaron;e i ne može disati na nos predstavlja veliki problem i jedan od če&scaron;ćih razloga posjeta pedijatru u novorođenačkoj i dojenačkoj dobi. Obično prolazi bez temperature, uzrok je virus, a terapija je simptomatska. Najvažnije od svega je čistiti nosić smotuljkom vate natopljenog fiziolo&scaron;kom otopinom. Vata mora biti smotana iz jednog komada pri čemu tek pola ulazi u nosić, a pola ostaje vani, kako se ne bi dogodilo da vata ostane u nosiću. Nikako ne koristiti &scaron;tapiće za uho za tu namjenu. Prije hranjenja nakapati nosić gotovim pripravcima kupljenim u apoteci, a moguće je i kod kuće pripremiti biljnu otopinu od sljezovog korijena. Suhi zrak smeta te je potrebno vlažiti okolinu, bilo ovlaživačima zraka, bilo stavljanjem vlažnih ručnika na radijatore. Pomažu i inhalacije parom tako da se u kupaonici pusti vruća voda koja će prostoriju ispuniti parom, te neko vrijeme s djetetom treba proboraviti unutra.</p>\r\n<p style="text-align: justify;">Važno je znati da se i bolesno dijete može kupati, ali u kraćem vremenskom razdoblju i bez igranja. Moguće je da virus zahvati glasnice pa dijete bude promuklo. Ako nema glasa ili ka&scaron;lje poput laveža psa treba se obratiti liječniku, u blažem obliku moguće je samo inhalirati nad parama kuhane kamilice. Pri tome je neophodan oprezan, ne treba dijete pokrivati ručnikom kako ne bi do&scaron;lo do incidenta odnosno opekotine.</p>\r\n<p style="text-align: justify;">&nbsp;</p>\r\n<p style="text-align: justify;"><strong>Virusni gastroenteritis</strong></p>\r\n<p style="text-align: justify;">&nbsp;</p>\r\n<p style="text-align: justify;">Spu&scaron;tanjem infekta u donje di&scaron;ne puteve razvija se bronhiolitis u dojenčeta do &scaron;est mjeseci ili bronhitis u kasnijoj dobi. Uzročnik je obično virus, ali je moguća i bakterijska infekcija kojoj virus tek otvara put. Bolest karakterizira produktivan ka&scaron;alj, moguća je povi&scaron;ena temperatura, a u težim oblicima su prisutni simptomi težeg disanja te hripanja i fućkanja. Na sve se može nadovezati i upala pluća koju dodatno karakterizira povi&scaron;ena temperatura i teže opće stanje djeteta. U tom slučaju se treba obratiti stručnoj osobi jer tek auskultacijom pluća uz eventualno potrebnu dodatnu dijagnostiku je moguće postaviti dijagnozu.</p>\r\n<p style="text-align: justify;">&nbsp;</p>\r\n<p style="text-align: justify;">Kod bolesti di&scaron;nih puteva svakako je preporuka nuditi tekućinu jer se time razrjeđuje sekret i olak&scaron;ava iska&scaron;ljavanje. Ovo je ujedno i doba virusnih proljeva kod djece bilo kojeg uzrasta pa tako i dojenačkog. To može biti popraćeno povraćanjem pa je u tom slučaju stanje ozbiljnije. Pod tim se ne podrazumijeva bljuckanje nakon hranjenja. Prvi lijek je dijetalni režim prehrane uz pojačani unos tekućine. Ako je dijete na prsima podoj se ne ukida. U slučaju da je na umjetnoj prehrani postoje posebni dijetalni pripravci koji se primjenjuju u dogovoru sa svojim pedijatrom.</p>\r\n<p style="text-align: justify;">Dodatne dijagnostičke pretrage nam omogućuju razlikovanje virusnih od bakterijski uzrokovanih gastroenteritisa u cilju odabira adekvatnog liječenja. Praćenje izgleda i pona&scaron;anje djeteta Važno je napomenuti da se kod svake promjene na djetetu savjetuje izmjeriti temperaturu. Normalna aksilarna temperatura je do 37 stupnjeva Celzijusa, a rektalna do 37,5 stupnjeva Celzijusa. Febrilno stanje je iznad 38 stupnjeva Celzijusa i tek tada primjenjujemo antipiretike uz konzervativne metode hlađenja hladnim oblozima. U svakoj bolesti je najvažnije prepoznati ozbiljno stanje i signal za alarm. Najvažnije je pratiti izgled i pona&scaron;anje djeteta. Ako je temperatura ispod 38 stupnjeva, dijete se igra, ima apetit, dobro pije, veselo je, tada nema mjesta za paniku, može se tek telefonski kontaktirati svojeg pedijatra. <strong>Ako dojenče febrira preko 39 stupnjeva, nezadovoljno je, razdražljivo, nema apetit, izrazito blijede kože ili s pojavom osipa, suhih usnica i bijelog jezika, pospano, čujno i te&scaron;ko di&scaron;e, ima vi&scaron;e proljevastih stolica i osobito ako povraća, treba posjetiti svojeg doktora.</strong></p>', 'Klokanica', 'http://klokanica.24sata.hr/specijal/prva-bebina-zima/najcesce-zimske-bolesti-921', 1),
(28, 'Astma kod djece', 'http://www.plivazdravlje.hr/?plivahealth[section]=IMAGEmanager&plivahealth[action]=getIMAGE&plivahealth[id]=19416&plivahealth[size]=304&', '<p><strong>Astma je najče&scaron;ća kronična bolest djece u većine industrijaliziranih zemalja. U Hrvatskoj se pojava piskanja (astme) u &scaron;kolske djece kreće od 5,1 do 8,4%, nalik drugim razvijenim zemljama svijeta. Nasreću, u velike većine djece astma protječe kao blaga ili umjereno te&scaron;ka bolest s kojom se uz odgovarajuće liječenje može proživjeti lijepo i sretno djetinjstvo.</strong></p>\r\n<p>&nbsp;</p>\r\n<p><strong>Karakteristični simptomi astme</strong></p>\r\n<p>Na astmu upućuju napadaji suhog ka&scaron;lja uz osjećaj nedostatka zraka te zvučni fenomeni poput piskanja ili fućkanja.</p>\r\n<p>Simptomi ili znakovi koji bi mogli upućivati da dijete ima astmu su napadaji suhog ka&scaron;lja uz prisutan osjećaj nedostatka zraka, ponekad s prisutnim zvučnim fenomenima poput piskanja ili fućkanja. Simptomi se javljaju naročito noću i u rano ujutro kao odgovor na različite specifične i nespecifične podražajne čimbenike od kojih možemo izdvojiti inhalacijske i nutritivne alergene, virusne infekcije, tjelesnu aktivnost, duhanski dim, zagađenost zraka i vremenske uvjete. Tako najče&scaron;ći oblik dječje astme je alergijska astma gdje se bolest javlja uslijed preosjetljivosti na grinje, pra&scaron;inu, pelud trava ili ambroziju, a rjeđe na nutritivne alergene.</p>\r\n<p>Također razlikujemo astmu uzrokovanu virusima, astmu uzrokovanu naporom te hladnim zrakom ili nekim od lijekova. Ipak, najče&scaron;ći pokretači astme u djece su respiratorne virusne infekcije. One su jedini pokretač za piskanje i ka&scaron;alj u astmi induciranoj virusima te najče&scaron;ći uzrok pogor&scaron;anja u alergijskoj astmi. U dojenčadi i male djece piskanje i ka&scaron;alj su među najče&scaron;ćim znakovima bolesti di&scaron;nog sustava. Iako je ponavljanje piskanja često u pred&scaron;kolskoj dobi (pa tako 50% djece doživi barem jednu epizodu bronhitisa u prvih 6 godina života), u većine se radi o prolaznom stanju koje nestaje tijekom pred&scaron;kolske i &scaron;kolske dobi. U oko 14% djece koja imaju trajno piskanje simptomi traju tijekom &scaron;kolske dobi i adolescencije, te se u tom slučaju radi o astmi. Tijekom adolescencije astma može ući u remisiju, ali je u odrasloj dobi moguće njezino ponovno javljanje.</p>\r\n<p><strong>Dijagnostika astme</strong></p>\r\n<p>Jedinstveni dijagnostički test za dijagnozu astme ne postoji, stoga je stanje nerijetko te&scaron;ko dijagnosticirati, napose kod male djece.</p>\r\n<p>Dijagnoza astme se prvenstveno zasniva na simptomima i kliničkom pregledu koji su često dovoljni za kliničku dijagnozu, a laboratorijski testovi i testovi promjene plućnih funkcija služe za potvrdu dijagnoze ili za određivanje stupnja bolesti. Jedinstveni dijagnostički test za dijagnozu astme ne postoji, stoga je stanje nerijetko te&scaron;ko dijagnosticirati, napose kod male djece. Naime, u toj dobnoj skupini se ne mogu mjeriti plućne funkcije, a bolest se često manifestira samo kao ponavljajuće epizode ka&scaron;lja i/ili piskanja, &scaron;to može nalikovati simptomima nekih drugih bolesti. Kako se astma često javlja prije pete godine života (a može započeti i prije treće godine), kod ovih bolesnika je također bitna rana dijagnoza, praćenje i učinkovito liječenje.</p>\r\n<p>Mjerenje plućne funkcije ispituje se spirometrijom gdje se rezultati mjerenja uspoređuju s predviđenim normalama za dob te ovise o pravilnoj tehnici izvođenja; dakle, za njihovu je pouzdanost nužna optimalna suradnja bolesnika. U veće djece, osobito one &scaron;kolske dobi, spirometrija je korisno pomagalo u postavljanju dijagnoze. U djece mlađe od 5 godina nije moguće postići zadovoljavajuću suradnju pa se u dijagnostici najče&scaron;će ne možemo služiti klasičnom spirometrijom, već se tada poku&scaron;avamo koristiti mjerenjem vr&scaron;nog protoka zraka u izdisaju (PEF).</p>\r\n<p>Kod onih bolesnika kod kojih sumnjamo da se radi o astmi učinit će se i alergolo&scaron;ka obrada. U svakodnevnoj praksi se za alergolo&scaron;ko testiranje koristi kožni ubodni test, tj. prick test gdje se koristi standardni set inhalacijskih alergena koji u djece starije od 5 godina ima osjetljivost 82% i specifičnost 85%. Treba napomenuti kako negativan nalaz testa ne isključuje dijagnozu astme. Kako se senzibilizacija na inhalacijske alergene razvija tijekom djetinjstva, potrebno je periodički ponavljati kožno testiranje u djece koja imaju simptome astme, a tom prilikom ne postoji dobna granica za izvođenje ubodnog kožnog testa. Laboratorijskim testovima potrebno je utvrditi postojanje i drugih markera atopije, a to su ponajprije povi&scaron;eni ukupni i specifični IgE u serumu, eozinofilija i znakovi eozinofilne aktivacije (npr. eozinofilni kationski protein u serumu). Mjerenje frakcije du&scaron;ičnog oksida u izdahnutom zraku (FeNO) je osim pomoći u dijagnostici astme korisno i u određivanju optimalne terapije.</p>\r\n<p><strong>Liječenje astme</strong></p>\r\n<p>Glavni cilj liječenja astme u djece jest postizanje kontrole bolesti uz &scaron;to manje lijekova, tj. uz primjenu najniže djelotvorne doze.</p>\r\n<p>Prema smjernicama u liječenju astme, u djece se preporučuje tzv. holistički (cjeloviti) pristup koji uključuje edukaciju djece i roditelja, prepoznavanje i izbjegavanje čimbenika rizika, primjenu odgovarajućih lijekova te prepoznavanje bolesnika koji su podobni za liječenje alergen-specifičnom imunoterapijom. Bolesnik i njegova obitelj bi trebali steći potrebna znanja o astmi kao o kroničnoj bolesti koja je karakterizirana pogor&scaron;anjima, prepoznavanju čimbenika rizika i njihovom izbjegavanju, prepoznavanju trenutka pogor&scaron;anja i samopomoći, potrebi za uzimanje dugotrajne terapije kojom se kontrolira bolest te o vrsti lijekova i njihovom osnovnom djelovanju. Tako je potrebno izbjegavati alergene koji su identificirani alergolo&scaron;kom obradom te druge specifične i nespecifične čimbenike rizika - primjerice, infektivne uzročnike, oneči&scaron;ćenja, hladan zrak, duhanski dim, i slično. Glavni cilj liječenja astme u djece jest postizanje kontrole bolesti uz &scaron;to manje lijekova, tj. uz primjenu najniže djelotvorne doze.</p>\r\n<p><strong>Lijekovi u astmi se dijele u dvije osnovne skupine:</strong></p>\r\n<p>protuupalni lijekovi, tzv. kontroleri astme</p>\r\n<p>simptomatski lijekovi koji se rabe za liječenje pogor&scaron;anja astme, a koji &scaron;ire di&scaron;ne puteve (bronhodilatatori kratkog i dugog djelovanja)</p>\r\n<p><strong>Inhalacijski kortikosteroidi</strong> se koriste u liječenju svih stupnjeva trajne astme u djece, kao dnevni protuupalni kontroleri bolesti. U Hrvatskoj trenutno postoje tri inhalacijska kortikosteroida: budezonid, ciklezonid i flutikazon. Primjenjuju se udisanjem iz posebnih spremnika (tzv. inhalera), a za njihovo kori&scaron;tenje je važna pravilna tehnika udisanja. S obzirom na činjenicu da djeca teže savladavaju način i tehniku primjene inhalera, potrebno je prilikom primjene koristiti pomagala kao &scaron;to su zračne komorice. Ove komorice pomažu da se lijek pravilnije i u punoj dozi unese u pluća. Jo&scaron; jedan od kontrolera astme su tzv. antagonisti leukotrijenskih receptora, a u Hrvatskoj je to montelukast. Montelukast je dokazano djelotvoran u kontroli simptoma, pobolj&scaron;anju plućne funkcije, prevenciji pogor&scaron;anja i bolničkog liječenja astme.</p>\r\n<p>U svakom slučaju, osnovno liječenje ove bolesti mora biti uzimanje kontrolera astme, no u trenutku pogor&scaron;anja astme treba primijeniti lijekove koji &scaron;ire di&scaron;ne puteve - tzv. bronhodilatatore. Kod akutnog pogor&scaron;anja koriste se bronhodilatatori kratkog djelovanja kao &scaron;to jesalbutamol kojim se olak&scaron;avaju tegobe, dok se bronhodilatatori dugog djelovanja primjenjuju u kombinaciji s inhalacijskim kortikosteroidima kod težih stupnjeva astme u djece starije od 5 godina. Imunoterapija specifična za alergen (hiposenzibilizacija) provodi se primjenom malih, rastućih doza alergena na koji je bolesnik senzibiliziran. Terapija se primjenjuje u obliku potkožnih injekcija ili kapima koje se uzimaju pod jezik te je dokazana klinička djelotvornost hiposenzibilizacije u djece s alergijskom astmom, a koja su alergična na grinje, pelud stabala, trava ili mačje dlake.</p>', 'Pliva', 'http://www.plivazdravlje.hr/aktualno/clanak/27508/Astma-kod-djece.html', 1),
(29, 'Bolesti usne šupljine', 'http://www.roditelji.hr/wp-content/uploads/2012/12/usta_912254546.jpg', '<p style="text-align: justify;"><strong>Promjene na sluznici usta mogu se manifestirati zbog neke uobičajene dječje bolesti poput &scaron;arlaha ili kao primarna bolest sluznice usne &scaron;upljine</strong></p>\r\n<p style="text-align: justify;">Kod djece i adolescenata pojavljuju se razna oralna patolo&scaron;ka stanja, prije svega lezije oralne sluznice, lezije kosti, ciste, tumori i tumorima slične promjene. Promjene na sluznici mogu se manifestirati zbog neke uobičajene dječje zarazne bolesti (&scaron;arlaha, ospica, rubeole, vodenih kozica) ili kao primarna bolest&nbsp;</p>\r\n<p style="text-align: justify;"><strong>HERPETIČNI GINGIVOSTOMATITIS</strong></p>\r\n<p style="text-align: justify;">Infekcije virusom Herpes simplex tipa 1 (HSV-1) mogu se pojaviti u svim dobnim skupinama, i to kao primarne infekcije, ali najče&scaron;će u dobi između dvije i četiri godine te se infekcija HSV-om smatra dječjom bolesti. Do pete godine života oboli 20 posto djece. HSV se najče&scaron;će prenosi bliskim dodirom s osobom koja ima promjene na sluznici ili koži uzrokovane tim virusom, bilo slinom ili sadržajem mjehurića koji su iznimno zarazni. Prema novijim spoznajama, virus se na zdravu osobu može prenijeti čak i slinom nositelja koji nema znakove bolesti.</p>\r\n<p style="text-align: justify;">Inkubacija najče&scaron;će traje od tri do pet dana, iako može trajati čak do 26 dana. Opći su simptomi bolesti povi&scaron;ena tjelesna temperatura, glavobolja, slabost, bol, mučnina, povraćanje, žarenje usta. Na vratu se mogu napipati povećani limfni čvorovi bolni na dodir. Nakon jednog ili dva dana na crvenoj i otečenoj sluznici usta pojavljuju se mjehurići koji pucaju, pa nastaju bolne ranice promjera 1-3 mm pokrivene žućkastom naslagom.</p>\r\n<p style="text-align: justify;">Mjehurići se najče&scaron;će javljaju na jeziku, nepcu i gingivi te djeca zbog izrazite bolnosti često odbijaju jesti i piti, plačljiva su i razdražljiva. Jezik može biti bijelo obložen uz neugodan zadah iz usta.</p>\r\n<p style="text-align: justify;">Primarna infekcija može proći i bez jasno vidljivih simptoma, pa je često roditelji zamijene za tegobe vezane uz nicanje zubića. U zdrave djece nakon 8-14 dana bolest spontano prolazi bez liječenja. Međutim, moguće su i komplikacije. Ako dijete zbog bolnih promjena u ustima nekoliko dana ne uzima hranu i tekućinu, može dehidrirati, pa je nužno bolničko liječenje. Rijetke i opasne, ali moguće komplikacije jesu i upala moždanih ovojnica (meningitis) te upala mozga (encefalitis), kada je dijete hitno potrebno odvesti u bolnicu.</p>\r\n<p style="text-align: justify;">Bolest se liječi primjenom antivirusnih lijekova sustavno i lokalno te ublažavanjem simptoma (snižavanje temperature, davanje dovoljne količine tekućine, multivitaminski pripravci, ispiranje usta nekom antiseptičkom otopinom). Lokalno se može primijeniti i sredstvo za ublažavanje bolova.</p>\r\n<p style="text-align: justify;"><strong>HERPES LABIALIS &ndash; &ldquo;GROZNICA&rdquo;</strong></p>\r\n<p style="text-align: justify;">Nakon &scaron;to se herpetični gingivostomatitis izliječi, HSV ne nestane iz organizma, nego cijeli život ostaje u živčanom sustavu čovjeka. Pod utjecajem nekih čimbenika virus se može aktivirati i živcima doći do sluznice ili kože, &scaron;to se očituje ponovljenom infekcijom u narodu zvanom &ldquo;groznica&rdquo;. Javlja se u 40 posto primarno oboljele djece i obično prati neka druga febrilna stanja, ali može biti potaknuta i stresom, umorom, sunčanjem, vađenjem zuba, određenom hranom&hellip;</p>\r\n<p style="text-align: justify;">Početni znaci izbijanja herpesa jesu osjećaj peckanja i svrbeža uz pojavu crvenila i otoka te brzo izbijanje tipičnih mjehurića koji se grupiraju u grozdove, najče&scaron;će na usnama. Moguća je pojava i u ustima, na zubnom mesu i nepcu. U mjehurićima se nakuplja tekućina, u početku bistra a poslije zamućena, koja je vrlo zarazna i predstavlja koncentrat virusa. Nakon 5-7 dana mjehurići pucaju, su&scaron;e se i na njihovu se mjestu stvaraju žućkasto-smeđe kraste.</p>\r\n<p style="text-align: justify;">Bolest vi&scaron;e nije zarazna. Kraste same otpadaju i ne ostavljaju ožiljke. Za razliku od primarne infekcije HSV-om, nema općih simptoma bolesti (temperature, malaksalosti&hellip;) i promjene se obično javljaju samo jednostrano.</p>\r\n<p style="text-align: justify;">U terapiji je učinkovita jedino primjena antivirusnog sredstva izravno na bolno mjesto. Djelovanje je lijeka najučinkovitije ako se primijeni pri pojavi prvih simptoma, a nanosi 4-5 puta dnevno.</p>\r\n<p style="text-align: justify;">U sprečavanju zaraze važno je obratiti pozornost na opće higijenske mjere. Ako je u kući malo dijete a netko je od ukućana bolestan, važno je poduzeti mjere opreza. Izbjegavati dodir djeteta s bolesnikom, paziti na pranje posuđa i pribora te upotrebu ubrusa i ručnika. Pribor i igračke bolesnog djeteta treba odijeliti i zasebno prati. Važna je higijena ruku oboljelog i osobe koja njeguje bolesno dijete. Dijete će dirati ranu i postoji mogućnost da nečistim prstima protrlja oko i prenese infekciju na spojnicu li rožnicu oka.</p>\r\n<p style="text-align: justify;"><strong>AFTE</strong></p>\r\n<p style="text-align: justify;">Afte su najuobičajenije oralne promjene u djece. Istraživanja pokazuju da oko 35 posto djece povremeno ima afte.</p>\r\n<p style="text-align: justify;">To su male, bolne i učestale lezije koje se pojavljuju na unutarnjoj povr&scaron;ini usnica, sluznici obraza, jeziku, mekom nepcu, početnom dijelu ždrijela i u dnu usne &scaron;upljine. Nikada se ne javljaju na koži, tvrdom nepcu i zubnom mesu te ih, među ostalim, po tome razlikujemo od herpesa. Započinju kao bjelkasta izdignuća sluznice koja postupno prelaze u ranice nalik krateru čiji je sredi&scaron;nji dio prekriven žućkastom krastom s uzdignutim crvenim rubovima. Zbog ogoljenih živčanih vlakana izrazito su bolne, ali nikada ne krvare. Ovisno o mjestu pojavljivanja, mogu ometati gutanje, žvakanje i govor.</p>\r\n<p style="text-align: justify;">Na osnovi veličine dijele se na male, velike i herpetiformne. Malene ili afte minor pojavljuju se na sluznici obraza ili usana, manje su od 1 cm i traju u prosjeku 7-14 dana. Dan ili dva prije izbijanja afti na sluznici se može pojaviti osjećaj peckanja. Područje na kojem izbija afta najprije je crvenkasto i bolno, a ubrzo se pojavi okrugla ranica pravilnih rubova sa žućkasto-sivim pokrovom. Može se pojaviti samo jedna ili nekoliko njih.</p>\r\n<p style="text-align: justify;">Veća ili afta maior, najče&scaron;će samo jedna, traje i do &scaron;est tjedana i sporije cijeli jer je riječ o dubljoj ranici koja zacjeljuje s ožiljkom.</p>\r\n<p style="text-align: justify;">Afte nalik herpesu ili herpetiformne afte siću&scaron;ne su rane koje se najče&scaron;će pojavljuju na podjezičnoj sluznici, sluznici obraza i jezika, zahvaćaju veću povr&scaron;inu sluznice i bolne su. Premda su u kliničkoj slici herpetiformne afte vrlo nalik infekciji virusom Herpes simplex, zbog čega su i dobile takav naziv, danas se zna da taj virus ne uzrokuje afte.</p>\r\n<p style="text-align: justify;">Afte se pojavljuju i do nekoliko puta godi&scaron;nje. Premda pravi uzrok afti nije poznat, u njihovu nastanku navode se brojni čimbenici. Među najče&scaron;ćima su stres, fizička iscrpljenost, hormonski poremećaji, naru&scaron;eno imunosno stanje osobe, slabokrvnost, bolesti želuca i crijeva te neki lijekovi.</p>\r\n<p style="text-align: justify;">Važno je naglasiti da afte nisu zarazne, nego je riječ o specifičnoj imunosnoj reakciji organizma na neki podražaj. Utvrđeno je da postoji obiteljska sklonost pojavljivanju afti. Ako oba roditelja pate od pojave afti, vjerojatnost da će od istog problema patiti i djeca iznosi 90 posto. Ako nijedan roditelj nema afte, mogućnost je smanjena na samo 20 posto.</p>\r\n<p style="text-align: justify;"><strong>RAS (rekurentni aftozni stomatitis)</strong></p>\r\n<p style="text-align: justify;">Rekurentni aftozni stomatitis (RAS) jest periodično pojavljivanje afti, najče&scaron;će kod djece do pet godina i adolescenata, često popraćeno naglom pojavom povi&scaron;ene temperature, povećanim limfnim čvorovima i crvenilom grla. Traje 3-6 dana i pojavljuje se svakih 3-8 tjedana.</p>\r\n<p style="text-align: justify;">Afte se liječe sistemskom i lokalnom terapijom. U lokalnoj se terapiji primjenjuju anestetičke otopine za smanjenje bolnosti, kortikosteroidi za smanjenje upale te antiseptičke otopine koje smanjuju broj bakterija i gljivica u ustima kako bi se spriječila sekundarna infekcija.</p>\r\n<p style="text-align: justify;"><strong>ORALNA KANDIDIJAZA</strong></p>\r\n<p style="text-align: justify;">Oralna kandidijaza jest gljivično oboljenje usne &scaron;upljine koje uzrokuje gljivica Candida albicans, uobičajeni stanovnik usta. U određenim okolnostima dolazi do njezina pojačanog razmnožavanja, pri čemu izaziva upalu sluznice (stomatitis). Gljivica napada oralnu sluznicu samo onda kada dođe do promjene oralne okoline ili o&scaron;tećenja imunosne ili hormonske ravnoteže. Najče&scaron;će je riječ o primjeni antibiotika ili imunosupresivnih lijekova. Antibiotici smanjuju broj bakterija, pa se oralna flora mijenja u korist kandide.</p>\r\n<p style="text-align: justify;">Manifestacije na sluznici različite su, ali kod novorođenčadi, dojenčadi i djece s kroničnim bolestima najče&scaron;će se javlja pseudomembranozna kandidijaza poznata pod nazivom mliječac ili soor. Očituje se pojavom bjelkastih naslaga koje su nalik ugru&scaron;cima mlijeka, ali za razliku od njih čvrsto prianjaju uz sluznicu obraza i jezika. Ako se naslaga poku&scaron;a sastrugati, ostaje crvenkasta sluznica koja lagano krvari.</p>\r\n<p style="text-align: justify;">Kod male je djece moguće &scaron;irenje infekcije na probavni sustav, ponajprije na jednjak. To može dovesti do smetnji pri gutanju, &scaron;to izaziva povraćanje i smetnje pri hranjenju, a daljnje &scaron;irenje izaziva i proljev.</p>\r\n<p style="text-align: justify;">Liječi se lokalno i sistemski primjenom antimikotika. U prevenciji su važne opće higijenske mjere. Higijena dojilje, sterilizacija bočica i dudica te pranje ruku. Poželjno je izbjegavati dugotrajnu primjenu antibiotika kad je god to moguće.</p>\r\n<p style="text-align: justify;"><strong>PROMJENE SLUZNICE USTA KOD UOBIČAJENIH DJEČJIH BOLESTI</strong></p>\r\n<p style="text-align: justify;">Infekcije u djece koja imaju karakteristična obilježja na sluznici usta jesu: &scaron;arlah, ospice, rubeola i vodene kozice.</p>\r\n<p style="text-align: justify;">Praćene su uglavnom crvenilom sluznice usne &scaron;upljine s osjećajem peckanja i suhoće, a često i grloboljom. Obično od zaraze do pojave prvih simptoma prođe nekoliko dana. Svaka od bolesti ima karakteristične oralne promjene.</p>\r\n<p style="text-align: justify;"><strong>&Scaron;arlah</strong></p>\r\n<p style="text-align: justify;">Najznačajnija oralna manifestacija jest tzv. malinasti jezik. Početni stadij infekcije karakterizira bijelo obložen jezik s upaljenim i povećanim okusnim pupoljcima. Obloženost jezika postupno se gubi te ostaju intenzivno crveni i natečeni okusni pupoljci, zbog čega jezik ima izgled maline.</p>\r\n<p style="text-align: justify;"><strong>Ospice</strong></p>\r\n<p style="text-align: justify;">Koplikove pjege vide se na sluznici obraza kao sivkasto-bijele mrljice koje su okružene crvenom zonom, a javljaju se nekoliko dana prije kožnih promjena.</p>\r\n<p style="text-align: justify;"><strong>Rubeola</strong></p>\r\n<p style="text-align: justify;">Povremeno se kod ove bolesti mogu naći promjene na mekom nepcu u obliku crvenih tzv. Forscheimerovih točkica.</p>\r\n<p style="text-align: justify;"><strong>Vodene kozice</strong></p>\r\n<p style="text-align: justify;">Oralne manifestacije javljaju se u obliku bjelkastih mjehurića koji su okruženi crvenim rubom. Najče&scaron;će se nalaze na usnama, obrazima i jeziku.</p>\r\n<p style="text-align: justify;">U liječenju se primjenjuju sredstva koja ublažavaju bolove na povr&scaron;ini sluznice usta i multivitamini.</p>\r\n<p style="text-align: justify;">Bolesti usne &scaron;upljine u djece predstavljaju zasebno područje u stomatologiji. Dječji organizam burnije od odraslih reagira na sve vrste infektivnih bolesti, ali i neke infekcije mnogo lak&scaron;e i brže preboli od odraslog pacijenta. Ipak, ne treba zanemariti dječje pritužbe na bol jer nije svaki bol u ustima uzrokovan nicanjem zuba.</p>', 'Roditelji.hr', 'http://www.roditelji.hr/jaslice/zdravlje-i-njega/2185-bolesti-usne-supljine-kod-djece/', 1),
(36, 'Genitalno područje', 'http://klinfo.rtl.hr/wp-content/uploads/2016/10/beba-u-pelenma_fotolia.jpg', '<p>Kod beba posebno je važna svakodnevna higijena pelenskog područja. Kod pojedinih beba u prvim mjesecima života ili godini, razviju se bolesti genitalnog područja koje je potrebno na vrijeme liječiti. Riječ je o bolestima čije stanje je uglavnom privremeno, no svakako zahtijevaju tretman ili liječenje, dok kod nekih bolesti liječenje je dugotrajnije i nadilazi &ldquo;pelenski period&rdquo; života.</p>\r\n<p>&nbsp;</p>\r\n<p><strong>Najče&scaron;će bolesti genitalnog područja kod dječaka:</strong></p>\r\n<p>&nbsp;</p>\r\n<p><strong>1.) Nespu&scaron;teni testisi</strong></p>\r\n<p>&nbsp;</p>\r\n<p>Testisi se kod dječaka spu&scaron;taju iz trbu&scaron;ne &scaron;upljine netom prije rođenja u mo&scaron;nje ili skrotum. Ponekad se jedan, ili oba testisa pravilno ne spuste prije rođenja, a to stanje naziva se kriptorhizma odnosno nespu&scaron;teni testisi.</p>\r\n<p>&nbsp;</p>\r\n<p>Otprilike 5% dječaka rađa se s ovom dijagnozom koja se vrlo lako utvrđuje na prvom pregledu odmah po rođenju.</p>\r\n<p>&nbsp;</p>\r\n<p>Ponekad se događa da se beba rodi s pravilno spu&scaron;tenim testisima, no u određenom vremenskom periodu (u prvim 10 godina života), testisi se &ldquo;premjeste&rdquo; u trbu&scaron;nu &scaron;upljinu. To se ponekad događa kad je dječacima hladno i ne predstavlja preveliki problem dokle se sami od sebe vraćaju na mjesto.</p>\r\n<p>&nbsp;</p>\r\n<p><strong>Koja je procedura pri liječenju?</strong></p>\r\n<p>&nbsp;</p>\r\n<p>U većini slučajeva, nije potreban liječnički tretman i testisi se spu&scaron;taju tijekom prvih &scaron;est mjeseci života. No, ponekad potrebna je operacija, koja se najče&scaron;će izvodi između &scaron;est mjeseci i dvije godine života djeteta kako bi se izbjegli problemi s plodno&scaron;ću u kasnijim godinama.</p>\r\n<p>&nbsp;</p>\r\n<p><strong>2. Hipospadija</strong></p>\r\n<p>&nbsp;</p>\r\n<p>Hipospadija je prirođeni poremećaj razvoja mu&scaron;kog spolno-mokraćnog sustava kod koje se vanjski otvor mokraćne cijevi ne nalazi na vrhu penisa, već na donjoj strani penisa, a penis može biti i savijen.</p>\r\n<p>&nbsp;</p>\r\n<p>Ovaj poremećaj dijagnosticira se odmah po rođenju. Uzrok nastanka najče&scaron;će nije poznat, no smatra se nasljednim stanjem koje obično preskače po nekoliko generacija.</p>\r\n<p>&nbsp;</p>\r\n<p><strong>Kako se liječi?</strong></p>\r\n<p>&nbsp;</p>\r\n<p>Obično se liječi operacijom u prve dvije godine života dječaka te ne predviđa nikakve kasnije probleme kod seksualne funkcije.</p>\r\n<p>&nbsp;</p>\r\n<p><strong>3. Preponska kila (hernija)</strong></p>\r\n<p>&nbsp;</p>\r\n<p>Javlja se kao kvržica u području prepona, a javlja se kada tkivo, najče&scaron;će dio crijeva ili trbu&scaron;ne &scaron;upljine viri kroz slabe točke trbu&scaron;nih mi&scaron;ića. Moguća je i kod djevojčica, ali znatno če&scaron;ća kod dječaka.</p>\r\n<p>&nbsp;</p>\r\n<p><strong>Kako se liječi?</strong></p>\r\n<p>&nbsp;</p>\r\n<p>Ovisno o stanju, liječnici ostavljaju preponsku kilu kako bi se samoizlječila ili je ručno poku&scaron;avaju vratiti u trbu&scaron;nu &scaron;upljinu. No, u nekim slučajevima to se ne dogodi i potreban je operacijski zahvat.</p>\r\n<p>&nbsp;</p>\r\n<p><strong>4. Hidrokela</strong></p>\r\n<p>&nbsp;</p>\r\n<p>Hidrokela je nakupina tekućine oko jednog ili oba testisa. Ako nastane kod novorođenčeta znači da se vrećica koja okružuje testise nije ispravno zatvorila nakon rođenja te &ldquo;propu&scaron;ta&rdquo; tekućinu. Kod hidrokele, područje mo&scaron;nji je obično natečeno ili crveno te može biti i bolno na dodir. Ponekad se povezuje i pojavljuje kada i preponska kila.</p>\r\n<p>&nbsp;</p>\r\n<p><strong>Kako se liječi?</strong></p>\r\n<p>&nbsp;</p>\r\n<p>Najče&scaron;će nestaje samostalno u prvoj godini života bebe jer tijelo postepeno apsorbira tekućinu. Ako se to ne dogodi, ili postane jo&scaron; veća, tada je potreban operativan zahvat.</p>\r\n<p>&nbsp;</p>\r\n<p><strong>5. Balanitis</strong></p>\r\n<p>&nbsp;</p>\r\n<p>Odnosi se na upalu vrha glavića penisa. Simptomi uključuju crvenilo, oteklinu, neobičan miris i bol. Može se pojaviti i kod obrezanih i ne obrezanih dječaka, a najče&scaron;će nastaje kao posljedica jakog pelenskog osipa, ali i kao posljedica previ&scaron;e ili premalo higijene u području.</p>\r\n<p>&nbsp;</p>\r\n<p><strong>Kako se liječi?</strong></p>\r\n<p>&nbsp;</p>\r\n<p>Liječi se uglavnom kupanjem i ispiranjem glavića penisa u toploj vodi te kori&scaron;tenjem anti-upalne kreme koju propisuje liječnik. Najče&scaron;će nakon kori&scaron;tenja krema te ispiranja, upala nestaje kroz tjedan dana. Ako se upala nastavi, uglavnom se preporučuje obrezivanje (ako dječak već nije obrezan).</p>\r\n<p>&nbsp;</p>\r\n<p><strong>Najče&scaron;će bolesti genitalnog područja kod djevojčica:</strong></p>\r\n<p>&nbsp;</p>\r\n<p><strong>1. Labijalna fuzija</strong></p>\r\n<p>&nbsp;</p>\r\n<p>Ponekad labija (unutarnja usne vagine) postane &ldquo;zalijepljena&rdquo; tankom membranom. Nije učestalo da se beba rodi s ovim stanjem, već se najče&scaron;će događa u prve dvije godine života. Liječnici nisu najsigurniji &scaron;to dovodi do ovog stanja, no vjerojatno je riječ o prethodnoj infekciji.</p>\r\n<p>&nbsp;</p>\r\n<p>Kako se liječi?</p>\r\n<p>&nbsp;</p>\r\n<p>Liječenje najče&scaron;će nije potrebno, jer se stanje uglavnom ispravi s vremenom, samo od sebe, prije puberteta.</p>\r\n<p>&nbsp;</p>\r\n<p><strong>2. Povećani himen</strong></p>\r\n<p>&nbsp;</p>\r\n<p>Himen kod beba djevojčica često natekne zbog povećane količine hormona estrogena u tijelu koji su za vrijeme trudnoće crpile od majke. Ponekad mali djelić himena može i proviriti iz vagine. Ovaj poremećaj događa se kod oko 10% beba i smatra se normalnim i neopasnim.</p>\r\n<p>&nbsp;</p>\r\n<p><strong>Kako se liječi?</strong></p>\r\n<p>&nbsp;</p>\r\n<p>Uglavnom sam od sebe, u periodu kroz dva do četiri tjedna. Ponekad je potrebno i duže, no roditelji se savjetuju da budu strpljivi. Nikakav liječnički tretman nije potreban.</p>\r\n<p>&nbsp;</p>\r\n<p><strong>Najče&scaron;će bolesti genitalnog područja učestale i kod djevojčica i dječaka:</strong></p>\r\n<p>&nbsp;</p>\r\n<p><strong>1. Natečeni genitaliji neposredno nakon rođenja</strong></p>\r\n<p>&nbsp;</p>\r\n<p>Učestalo je i normalno da se novorođenčad, uključujući i dječake i djevojčice rađa s natečenim i crvenim genitalijama. To može biti posljedica vi&scaron;e faktora, a uključujući duge i traumatične porode u kojima velika količina hormona prelazi s majke na bebu. Novorođenčad u sebi nosi veliku količinu dodatne tekućine zbog koje izgledaju pomalo napuhnuto i natečeno, posebno u predjelu lica i genitalija. Malene djevojčice mogu imati i vaginalni iscjedak ili neku vrstu vaginalnog krvarenja nekoliko dana nakon poroda.</p>\r\n<p>&nbsp;</p>\r\n<p><strong>Kako se liječi?</strong></p>\r\n<p>&nbsp;</p>\r\n<p>Ne liječi se, odnosno liječenje nije potrebno. Sve bebe nakon poroda prolaze kroz opsežan pedijatrijski pregled, pa tako i njihovi spolni organi za koje u ovom slučaju liječnici uglavnom odlučuju da se ni&scaron;ta ne poduzima po pitanju liječenja.</p>\r\n<p>&nbsp;</p>\r\n<p><strong>2. Infekcija urinarnog trakta</strong></p>\r\n<p>&nbsp;</p>\r\n<p>Infekcija urinarnog trakta uključuje mjehur, bubrege ili uretreu. Česta je kod beba i djece u pelenama. Do infekcije dolazi kada se bakterija koja se inače nalazi u crijevima nađe u urinarnom traktu i uzrokuje infekciju. Ona utječe na bolan prolazak urina i učestalo je popraćena povi&scaron;enom tjelesnom temperaturom. No, može se pojaviti i bez izraženih simptoma.</p>\r\n<p><strong>Kako se liječi?</strong></p>\r\n<p>&nbsp;</p>\r\n<p>&nbsp;</p>\r\n<p>Infekcija se dokazuje uzorkom urina, a tretira se antibioticima. Ako su upale ponavljajuće, liječnici će vjerojatno napraviti opsežnije pretrage.</p>', 'klinfo', 'http://klinfo.rtl.hr/roditelji-3/zdravlje/najcesce-bolesti-genitalnog-podrucja-kod-beba-i-djece/', 1),
(37, 'Srčana oboljenja', 'http://ordinacija.vecernji.hr/repository/images/_variations/d/b/dbda410836ce1c08a6feeeb80f94ec0b-hero.jpg?v=1', '<p><strong>Različita srčana oboljenja pogađaju djecu. Najče&scaron;će se radi o urođenim srčanim gre&scaron;kama, virusnim infekcijama koje zahvaćaju srce te bolestima srca koja se razvijaju kasnije u djetinjstvu ili mladosti, a posljedica su drugih oboljenja ili genetskih sindroma.</strong></p>\r\n<p>&nbsp;</p>\r\n<p>Dobra vijest je &scaron;to s napretkom medicine mnoga djeca sa bolestima srca mogu živjeti aktivnim životom uz minimalna ograničenja.</p>\r\n<p>&nbsp;</p>\r\n<p><strong>Urođene srčane bolesti</strong></p>\r\n<p>Urođene ili kongenitalne srčane bolesti su bolesti s kojima se djeca rađaju. Najče&scaron;će se radi o strukturnom o&scaron;tećenju srca prisutnom već kod rođenja. Nekad se takvi poremećaju mogu otkriti već i za vrijeme trudnoće pretragom koja se naziva fetalna ehokardiografija, tj. ultrazvuk srca fetusa u maternici.</p>\r\n<p>&nbsp;</p>\r\n<p>Urođene srčane gre&scaron;ke javljaju se otprilike u 8 na 1000 živorođene djece. Najče&scaron;će se radi o strukturnom poremećaju srčanog mi&scaron;ića ili zalistaka, poput o&scaron;tećenja atrijskog ili ventrikulskog septuma (stvara se rupa na stijenci koja razdvaja lijevi od desnog atrija odnosno lijevi od desnog ventrikula), suženja aortalnog zalistka ili prolapsa mitralnog zalistka. Osim toga mogu se roditi djeca sa hipoplastičnim lijevim ventrikulom &scaron;to znači da se lijeva strana srca nije adekvatno razvila, ili se mogu javiti razne kombinacije navedenih poremećaja.</p>\r\n<p>&nbsp;</p>\r\n<p>Urođene srčane gre&scaron;ke otkrivaju se najče&scaron;će rano u djetinjstvu, liječe se uglavnom operativnim kardiokirur&scaron;kim zahvatima, lijekovima ili u najtežim slučajevima transplantacijom srca. Većina djece zahtijeva doživotno praćenje od strane dječjeg a kasnije adultnog kardiologa.</p>\r\n<p>&nbsp;</p>\r\n<p>&nbsp;</p>\r\n<p><strong>Poremećaji srčanog ritma</strong></p>\r\n<p>&nbsp;U djece se također mogu javiti različiti poremećaji ritma, &scaron;to znači da se radi o oboljenjima provodnog sustava srca ili o posljedici nekih drugih bolesti. Može se javiti ubrzani srčani rad(tahikardija), najče&scaron;će kao posljedica nekih drugih poremećaja, a isto tako i usporen srčani rad(bradikardija). No, moguća je i pojava specifičnih sindroma koji su posljedica o&scaron;tećenja provodnog sustava srca i koji se liječe specifičnim metodama od strane subspecijaliste kardiologa. Simptomi aritmija su najče&scaron;će slabost, omaglica, vrtoglavica, ponekad gubitak svijesti.</p>\r\n<p>&nbsp;</p>\r\n<p><strong>Srčani &scaron;umovi</strong></p>\r\n<p>Srčani &scaron;umovi nisu rijetkost u djetinjstvu i mladosti. Najče&scaron;će se radi o fiziolo&scaron;kim i klinički beznačajnim &scaron;umovima koji zahtijevaju samo praćenje i najče&scaron;će nakon puberteta nestaju. No, &scaron;umovi mogu biti znak i neke ozbiljnije srčane bolesti ili posljedica anemije ili vrućice. Ako liječnik čuje &scaron;um na srcu djeteta svakako će učiniti potrebnu dijagnostičku obradu kako bi se isključile eventualne srčane ili druge ozbiljne bolesti.</p>\r\n<p>&nbsp;</p>\r\n<p><strong>&nbsp;Perikarditis i miokarditis</strong></p>\r\n<p>Perikarditis je jo&scaron; jedna od bolesti koja se relativno često javlja u djetinjstvu i mladosti i odnosi se na upalu ovojnice srca, perikarda. Može se javiti nakon kardiokirur&scaron;kih operacija zbog reparacije srčanih gre&scaron;aka ili zbog infekcije, najče&scaron;će virusne, uslijed traume prsnog ko&scaron;a ili u sklopu nekih bolesti vezivnog tkiva poput primjerice sistemskog eritematoznog lupusa. Liječenje ovisi o uzroku, kliničkoj slici i dobi djeteta. Najče&scaron;će se liječenje provodi u bolnici.</p>\r\n<p>&nbsp;</p>\r\n<p>Virusne infekcije isto tako mogu zahvatiti i srčani mi&scaron;ić i tada dolazi do razvoja miokarditisa &scaron;to može utjecati na funkciju srca kao pumpe.</p>\r\n<p>Simptomi perikarditisa i miokarditisa su slični simptomima respiratornog infekta i uključuju nelagodu u prsima, opću slabost, malaksalost, vrućicu.</p>\r\n<p>&nbsp;</p>\r\n<p><strong>Aterosklerotske bolesti srca</strong></p>\r\n<p>Jo&scaron; jedna pojava vezana uz srčane bolesti u djetinjstvu i mladosti specifičnija za zapadne zemlje su aterosklerotske bolesti srca koje su dakako če&scaron;će u odrasloj populaciji, no uz epidemiju pretilosti, nezdrav život, konzumiranje masne hrane, hrane bogate ugljikohidratima, sjedilački način života i nedostatak fizičke aktivnosti i tjelovježbe &scaron;to je sve izraženije i u dječjoj i mladenačkoj populaciji i aterosklerotske bolesti srca moguće su i u djetinjstvu i adolescenciji.</p>\r\n<p>Promjena načina života je temelj dugotrajnog liječenja u takvim slučajevima.</p>\r\n<p>Bolesti srca u djetinjstvu i mladosti su svakako bolesti koje zahtijevaju ozbiljan pristup od strane roditelja, stalnu liječničku skrb i pridržavanje uputa liječnika.</p>', 'ordinacija.hr', 'http://ordinacija.vecernji.hr/zdravlje/preventiva/najcesca-srcana-oboljenja-kod-novorodencadi-i-djece/', 1);
INSERT INTO `postovi` (`idpostovi`, `naslov`, `slika`, `tekst`, `izvor_ime`, `Izvor_link`, `kategorija`) VALUES
(41, 'Dojenje na zahtjev', 'http://klokanica.24sata.hr/slika/sve-sto-trebate-znati-o-dojenju-na-zahtjev-10649-469x313-20151124115246.jpg', '<p>Kod dojenja na zahtjev važno je imati na umu da dojenje nema samo nutritivnu vrijednost, nego i emotivnu komponentu - povezivanje, bliskost, utjeha, pružanje osjećaja sigurnosti, komunikacija s djetetom</p>\n<p>Razlikujemo dva načina hranjenja djeteta: prema rasporedu i na zahtjev. Kod dojenja na zahtjev dijete se stavlja na dojku kada plače ili kada na drugi način pokaže da je gladno (okreće glavu kao da ne&scaron;to traži, stavlja &scaron;ake u usta, ili je nemirno). Dojenje na zahtjev podrazumijeva podoj uvijek kada to dijete zatraži, tj. odgovaranje na njegove potrebe. Ne postoji propisano vrijeme između podoja, niti vrijeme koliko bi trebao trajati podoj. Podoj traje onoliko dugo dok dijete samo ne ispusti dojku ili zaspe. Svako dijete je individua za sebe i ima svoje potrebe na koje će majka odgovoriti. Majka prepoznaje znakove gladi kod djeteta.</p>\n<p>Kod dojenja na zahtjev trebamo isključivo dojiti prvih 6 mjeseci. Nije potrebna nikakva dodatna hrana ili tekućina. Prosjek podoja u prvih 6 mjeseci života je 8-12 podoja tijekom 24 sata, a može i če&scaron;će, najvažnije je da dijete dobro napreduje. Nakon 6 mjeseci života uvođenjem dohrane broj podoja se smanjuje.</p>\n<p>&nbsp;</p>\n<p><strong>Prema rasporedu</strong></p>\n<p>Kod dojenja prema rasporedu majka doji svaka 2, 3 ili 4 sata, a podoj je vremenski ograničen. Ako pravovremeno ne odgovorimo na prve znakove gladi dijete će početi plakati jer ono glad osjeća kao bol, a uslijed plača može se nagutati previ&scaron;e zraka i umoriti se &scaron;to može rezultirati nepravilnim prihvatom dojke i neučinkovitim podojem. &nbsp;</p>\n<p>Kod dojenja na zahtjev važno je imati na umu da dojenje nema samo nutritivnu vrijednost (hrana i tekućina), nego i emotivnu komponentu (povezivanje, bliskost, utjeha, pružanje osjećaja sigurnosti, komunikacija s djetetom). Dojenje na zahtjev zadovoljava potrebu za nutritivnim i nenutritivnim sisanjem.</p>\n<p>&nbsp;</p>\n<p><strong>Mlijeko se stvara prema načelu ponude i potražnje</strong></p>\n<p>Majčino mlijeko savr&scaron;eno je prilagođeno nezrelom djetetovom probavnom sustavu i probavi se već nakon 60 do 90 minuta. U dojene djece nije moguće procijeniti koliko su količinski pojela u jednom podoju. Adaptirano mlijeko koje služi kao nadomjestak majčinom mlijeku probavlja se znatno duže i majka pri tome zna točnu količinu pojedenog obroka. Dojeno dijete znatno će prije osjetiti glad i imati potrebu za če&scaron;ćim obrocima. Želudac djeteta koje se doji brže se prazni negoli u djeteta koje se hrani na bočicu, jer je adaptirano mlijeko teže probavljivo.</p>\n<p>Majčino mlijeko stvara se prema načelu ponude i potražnje. Istraživanja su pokazala da brzina stvaranja mlijeka ovisi o tome je li dojka ispražnjena potpuno ili samo djelomično. &nbsp;Ako je dojka praznija ona će brže proizvoditi mlijeko, a ako je punija mlijeko će se sporije proizvoditi. Dakle, prehrambene potrebe djeteta utječu na proizvodnju majčinog mlijeka. Prema istraživanjima zdravo, dono&scaron;eno novorođenče, može samo odrediti kolika mu je količina mlijeka potrebna u jednom podoju, ako mu se dozvoli da doji koliko god i kad god želi. Dijete traži dojku kada je gladno i prestaje dojiti kada je sito. Neka djeca traže količinski manje, ali če&scaron;će podoje, a neka će u rjeđim podojima pojesti veću količinu mlijeka. Dojenje prema rasporedu naru&scaron;ava mehanizam ponude i potražnje majčinog mlijeka.</p>\n<p>&nbsp;</p>\n<p><strong>Skokovi u razvoju - povećana potreba za hranom</strong></p>\n<p>Dokazano je da se dojena djeca najbolje razvijaju ako se hrane na zahtjev. Dijete treba dojiti kada pokaže znakove gladi. Ako dijete pokazuje znakove gladi, a majka odgađa dojenje (vodeći se prema unaprijed određenom rasporedu obroka) dojke ostaju pune, a kao posljedica toga opada proizvodnja mlijeka. Ponekad je prisutna kriva pretpostavka da se dojke moraju &bdquo;napuniti mlijekom&ldquo; prije idućeg podoja jer će dijete podojem na praznoj dojci ostati gladno. Količina masnoća u mlijeku opada &scaron;to je duži razmak između podoja. Dijete kojemu se u podoju ponudi ista dojka koju je dojilo prije 30 minuta dobit će mnogo nutritivno bogatog, zadnjeg mlijeka, za razliku od djeteta koje doji istu dojku nakon dva ili tri sata.</p>\n<p>&nbsp;</p>\n<p>Tijekom djetetovog rasta i razvoja postoje periodi skokova u razvoju u kojima dijete ima povećanu potrebu za hranom. Dojenje na zahtjev prati skokove u razvoju koji se događaju 3. i 6. dan, 3. i 6. tjedan, 3. i 6. mjesec. Tijekom tih faza potrebno se prilagoditi djetetovim potrebama i nuditi mu dojku kada god to zatraži. Ako majka ustraje na dojenju prema unaprijed određenom rasporedu dijete može biti gladno, nemirno i nezadovoljno, a proizvodnja majčinog mlijeka može se smanjiti, &scaron;to može naru&scaron;iti dojenje i u konačnici dovesti do prekida dojenja.</p>\n<p>&nbsp;</p>\n<p><strong>Važna emocionalna stabilnost majke</strong></p>\n<p>Emocionalna stabilnost majke važna je za refleks otpu&scaron;tanja mlijeka, stoga je potrebno da si majka osigura vrijeme za opu&scaron;tanje i zadovoljavanje svojih potreba, &scaron;to pozitivno utječe na njezinu kvalitativnu i kvantitativnu sposobnost zadovoljavanja djetetovih potreba. Dojenje kao rani kontakt povezivanja od neprocjenjive je vrijednosti za odnos majke i djeteta te za djetetov tjelesni i emocionalni razvoj.</p>\n<p>&nbsp;</p>\n<p><strong>Za&scaron;to je dojenje toliko važno za psiholo&scaron;ki razvoj?</strong></p>\n<p>Kod dojenja hranjenje na zahtjev pogodnije je za dijete i ima svoje benefite, a kod hranjenja djeteta adaptiranim mlijekom trebali bismo slijediti upute, raspored i količinu obroka koja je primjerena dobi djeteta. U konačnici, najvažnije je da dijete dobro napreduje, da je njegov rast i razvoj primjeren dobi i razvojnoj fazi.</p>\n<p>&nbsp;</p>', 'Klokanica', 'http://klokanica.24sata.hr/beba/dojenje/sve-sto-trebate-znati-o-dojenju-na-zahtjev-3664#', 2),
(42, 'Problemi s dojenjem', 'http://klokanica.24sata.hr/slika/pet-najcescih-problema-s-dojenjem-6532-469x313-20150212111326.jpg', '<p>Zbog uvjerenja da je dojenje ne&scaron;to sasvim prirodno, &scaron;to dolazi samo od sebe, mnoge se mame neugodno iznenade kad se susretnu s prvim problemima s dojenjem. Za borbu s njima često je potrebno puno upornosti, strpljenja, ponekad čak i trpljenja boli, a vi&scaron;e od svega samopouzdanje te razumijevanje i podr&scaron;ka okoline. Na forumu Klokanice, u raspravi Problemi s dojenjem mnoge mame opisuju svoje probleme i traže pomoć i savjete od iskusnijih dojilja, a mi smo izdvojili neke od najče&scaron;ćih problema i istražili moguće uzroke i rje&scaron;enja za njih.</p>\r\n<p>&nbsp;</p>\r\n<p><strong>Ispucale i bolne bradavice</strong></p>\r\n<p>Za promjene i ranice na bradavici, koje se nazivaju ragade, ginekologinja dr. Marta Lajtman Križaić kaže da su najče&scaron;će uzrokovane nepravilnim položajem djeteta za vrijeme dojenja, kada dijete ne uhvati ustima pravilno bradavicu. Liječi se tako da se bradavica i njezina okolina osu&scaron;e, a zatim se premažu majčinim mlijekom koje njeguje bradavicu i ima antibakterijsko djelovanje. Potrebno je naglasiti da dojilja treba nositi i adekvatne grudnjake, a za pranje dojki koristiti čistu vodu bez sapuna, kaže ginekologinja.</p>\r\n<p>Kod o&scaron;tećenja bradavica također se savjetuje mijenjati položaje tako da bebine desni ne priti&scaron;ću mjesto o&scaron;tećenja, te oprezno skidati dijete s dojke tako da se prvo umetne prst u djetetov usni kut kako bi dijete otpustilo dojku. Ako su bolovi vrlo jaki, može se prije početka dojenja bradavicu natrljati kockicom leda.</p>\r\n<p>&nbsp;</p>\r\n<p><strong>Tvrde i upaljene dojke</strong></p>\r\n<p>Začepljenje mliječnih kanalića i mastitis, upala dojke s visokom temperaturom, jedan od problema koji mogu zadesiti majke čak i u kasnijim mjesecima dojenja. U knjizi Moja trudnoća, koju su napisale hrvatske primalje, savjetuje se kod ovih problema mijenjati položaje tako da je bebina brada okrenuta prema mjestu začepljenja (tako bolje isprazni taj dio). Prikladan je i položaj u kojem bebu postavite na dekicu na pod, a vi ste četverono&scaron;ke nagnuti nad nju, jer tako gravitacija pomaže pri pražnjenju kanalića, a možete se okrenuti u bilo kojem smjeru, bebinom bradom prema mjestu začepljenja.&nbsp;</p>\r\n<p>U slučaju mastitisa čiji simptomi traju dulje od 24 sata, trebalo bi potražiti savjet liječnika i prema potrebi početi tretman antibioticima.</p>\r\n<p>&nbsp;</p>\r\n<p><strong>&Scaron;pricanje mlijeka</strong></p>\r\n<p>Iako se če&scaron;će priča o nedovoljno mlijeka, problem može biti i ako ga ima previ&scaron;e. Kod prejakog refleksa otpu&scaron;tanja mlijeka beba se može zagrcnuti. Kod prejakog refleksa otpu&scaron;tanja mlijeka &middot;primalje preporučuju dojenje u sjedećem položaju u kojem ste malo nagnuti unazad, tako da mlijeko ne curi prema dolje bebi u usta, ili pak ležeći položaj, tako da legnete na leđa, a beba je na vama i odozgo sisa (kod jakog mlaza).</p>\r\n<p>Nastojte da vremenski razmaci između hranjenja ne budu predugački, a kada to nije moguće, možete se izdajati. Da biste izbjegli neugodne situacije s mokrim mrljama od mlijeka na odjeći, u grudnjak umetnite jastučiće za upijanje (i svakako ih redovito mijenjajte) i nosite odjeću na kojoj se mrlje neće primjećivati.</p>\r\n<p>&nbsp;</p>\r\n<p><strong>Dojenje 24 sata na dan</strong></p>\r\n<p>Često se mlade mame iznenade kad vide da njihova beba želi biti na dojci gotovo cijeli dan, da nemaju ni malo vremena ni za &scaron;to drugo osim dojenja. Zbog toga mogu posumnjati i da nemaju dovoljno mlijeka, ili da im mlijeko nije dovoljno kvalitetno pa i odustati od dojenja. No radi se obično o fazi prije nego &scaron;to se obrasci hranjenja ustabile, ili pak o skokovima u razvoju, kad beba koja je imala svoj ritam odjednom želi sisati puno vi&scaron;e i če&scaron;će, a uz to može biti nervozna i plačljiva.</p>\r\n<p>&nbsp;</p>\r\n<p><strong>Pritisak okoline</strong></p>\r\n<p>Prepoznajte krizne situacije u kojima ćete biti umorni, preplavljeni emocijama ili osjećati bol; nastojte ne donositi u takvim trenutcima brze odluke o prehrani djeteta i naglo prestati dojiti. Za početak uzmite telefon i potražite pomoć. Imajte na umu koliko je korisno dobiti potporu od nekoga s iskustvom tko će vas saslu&scaron;ati, čuti va&scaron;e brige i dati vam podr&scaron;ku. Od obitelji i prijatelja zatražite praktičnu pomoć u pripravljanju jela, brizi za drugu djecu i kućanskim poslovima, kako biste imali vremena za opu&scaron;tanje sa svojom bebom. Ako imate pote&scaron;koća s dojenjem, poku&scaron;ajte pronaći nekoga tko će vam pomoći, povećati vam samopouzdanje, uz koga ćete se osjećati opu&scaron;teno i tko može biti uz vas dok dojite. To može biti zdravstveni djelatnik, rođak ili prijatelj.</p>', 'Klokanica', 'http://klokanica.24sata.hr/beba/dojenje/pet-najcescih-problema-s-dojenjem-2479#', 2),
(43, 'Mlijeko bebe ne odbijaju', 'https://www.medela.com/.imaging/stk/medela-global/zoom/dam/medela-com/breastfeeding-professional/pictures/general/advice/medela-advice-initiation-of-breastfeeding-in-hospital.jpg/jcr:content/medela-advice-initiation-of-breastfeeding-in-hospital.jpg.2', '<p><strong>Bebe se rađaju s urođenom sklono&scaron;ću prema slatkom, jer je to okus majčinog mlijeka. Kasnije će postepeno usvajati i ostale, a taj proces teče otprilike ovako.</strong></p>\r\n<p>Kvržice (papile) novorođenčeta zadužene za razlikovanje okusa nisu raspoređene samo po jeziku (kao kod odraslih), već i duž njegovih usana. Priroda je to tako uredila da bi ono lak&scaron;e prona&scaron;lo put do dojke i izvora najdragocjenije hrane &ndash; majčinog mlijeka.</p>\r\n<p>&nbsp;</p>\r\n<p><strong>Jeste li znali da beba u trbuhu najvi&scaron;e voli slatke okuse?</strong></p>\r\n<p>Kvržice okusa počinju se razvijati dok je beba jo&scaron; u maminom trbuhu i to oko 20. tjedna trudnoće. Istraživanja pokazuju da mamina prehrana tijekom trudnoće može utjecati na razvoj ovog osjeta kod bebe, jer određeni okusi prelaze u plodnu vodu, preko koje ih beba može &ldquo;probati&rdquo;. Ako ste, primjera radi, tijekom trudnoće konzumirali puno voća i povrća, postoji velika vjerojatnost da će, kada malo poraste, i va&scaron;a beba voljeti okus tih namirnica.</p>\r\n<p>&nbsp;</p>\r\n<p><strong>Fascinantno: Beba odmah nakon rođenja puže do majčine dojke</strong></p>\r\n<p>Čim se rodi, beba se instinktivno okreće prema majčinim prsima vođena mirisom i okusom njezinog mlijeka. Uz malu pomoć brzo će uhvatiti bradavicu i početi ritmično sisati. U početku će se umoriti i zaspati već nakon nekoliko gutljaja. Međutim, s vremenom će ojačati i povećat će se kapacitet njezinog želuca, pa će biti sposobna sisati i veću količinu mlijeka. Inače, majčino mlijeko jedina je namirnica koju nijedna beba neće odbiti. 7 neobičnih činjenica o dojenju koje možda niste znali</p>\r\n<p>Svjetska zdravstvena organizacija (WHO) ne preporučuje uvođenje novih okusa u bebinu prehranu sve do navr&scaron;enih &scaron;est mjeseci jer do tog uzrasta njezin probavni sustav nije dovoljno razvijen da bi se &ldquo;izborio&rdquo; s probavljanjem drugih tvari izuzev majčinog mlijeka. Osim toga, ni njezin osjet okusa nije pripremljen za novu hranu, pa će najvjerojatnije ispljunuti sve &scaron;to se razlikuje od jedinog koji poznaje.&nbsp;</p>\r\n<p>&nbsp;</p>', 'Klokanica', '', 2),
(47, 'Bebe pričaju od rođenja', 'http://klokanica.24sata.hr/slika/slusajte-ih-pazljivo-bebe-pricaju-od-rodenja-15506-800x533-20161019123508.jpg', '<p><strong><em>Bebe možda ne znaju govoriti, ali zato određenim pokretima nedvosmisleno pokazuju roditeljima &scaron;to žele. Pa tako trljaju oči kada im se spava, stavljaju &scaron;aku u usta kada su gladni, mr&scaron;te se kada im ne&scaron;to nije po volji.&nbsp;</em></strong></p>\r\n<p>Od trenutka kada otvore oči, bebe uspostavljaju komunikaciju s okolinom, a prije svega s majkom. Istraživanja grupe pedijatara iz Londona pokazala su da su novorođena djeca u stanju da se pogledima sporazumijevaju s odraslima.</p>\r\n<p>Vizualna komunikacija, odavno je poznato, predstavlja najvažniji oblik neverbalne komunikacije. Mnogo vi&scaron;e govorimo pokretima i izrazima lica nego riječima, a ovu vje&scaron;tinu znaju i bebe.</p>\r\n<p>One nedvosmisleno pokazuju roditeljima da im se spava trljanjem očiju, da su gladne stavljanjem &scaron;ake u usta, da ih ne&scaron;to nervira mr&scaron;tenjem, da su sretni osmijehom. Također, u očima im se ogleda prepoznavanje kada ugledaju roditelje, bake i djedove, odnosno one koje viđaju često, kao i nepovjerenje i radoznalost prema "strancima" koje vide prvi put.</p>', 'Klokanica', 'http://klokanica.24sata.hr/beba/razvoj-u-prvoj-godini/slusajte-ih-pazljivo-bebe-pricaju-od-rodenja-6828', 0),
(48, 'Bebe rukama govore', 'http://klokanica.24sata.hr/slika/bebe-rukama-govore-kako-se-osjecaju-i-sto-zele-12578-800x533-20160429130717.jpg', 'Znakovni jezik učinkovit je način da se premosti jaz dok beba ne progovori. I novorođenčad koristi svoje ručice kako bi rekla &scaron;to misle i &scaron;to žele.\n<p>Bebe su pametni mali ljudi i imaju nevjerojatnu sposobnost komuniciranja s roditeljima kroz pokrete. Znakovni jezik učinkovit je način da se premosti jaz dok ne progovori. I novorođenčad koriste svoje ručice kako bi rekli &scaron;to misle, kako se osjećaju i &scaron;to žele.</p>\n<p>Va&scaron;e dijete će pokazati svoje namjere tako &scaron;to će gledati željeni objekt i prstiće usmjeravati prema njemu, proizvoditi će uz to i zvukove, a uglavnom sve to istovremeno. Dijete je u stanju pokazati da je gladno, žedno, umorno.</p>\n<p>Kako bi se bolje sporazumijevali s bebom, stručnjaci savjetuju roditeljima da dok im govore, to i pokazuju. Na primjer, kada hoćete uzeti bebu u naručje recite gore i napravite uzlazni pokret rukama. Kada pričate o hrani, pokazujte na usta. Gestikulaciju bi trebale pratiti riječi i kontakt očima.</p>', 'Klokanica', 'http://klokanica.24sata.hr/beba/razvoj-u-prvoj-godini/bebe-rukama-govore-kako-se-osjecaju-i-sto-zele-4706', 0),
(49, 'Rast i san', 'http://klokanica.24sata.hr/slika/bebe-rastu-brze-dok-spavaju-11810-800x533-20160307103258.jpg', '<p><em><strong>Djeca vi&scaron;e rastu ukoliko se povećava broj dužih perioda sna tokom dana. Točna priroda povezanosti sna i ko&scaron;tanog rasta, jo&scaron; nije utvrđena</strong></em></p>\r\n<p>Znanstvenici su konačno potvrdili ono &scaron;to bake znaju već dugo &ndash; bebe zaista brže rastu tokom sna. Rezultati istraživanja otvaraju put za bolje shvaćanje veze između rasta bebe i spavanja, ali će umiriti i roditelje zabrinute zbog promjenjivih i nepredvidljivih potreba za snom njihove djece. San utječe na rast djece, pokazali su rezultati istraživanja grupe američkih znanstvenika sa Sveučili&scaron;ta Emory u Atlanti.</p>\r\n<p>Tim znanstvenika na čelu s liječnicom Michelle Lampl otkrili su tu povezanost između broja sati sna novorođenčeta i njegovog rasta. Istraživanje u trajanju između četiri i 17 mjeseci obavljeno je na grupi djece koja su na njegovom početku bila stara oko 12 dana, prenijeli su francuski mediji. Primijećeno je da djeca vi&scaron;e rastu ukoliko se povećava broj dužih perioda sna tokom dana. Točna priroda povezanosti sna i ko&scaron;tanog rasta, međutim, jo&scaron; nije utvrđena.</p>\r\n<p>Lampl je istakla da se radi o rezultatima koji su korisni za roditelje, jer se mogu lako uznemiriti zbog promjenjive i nepredvidive prirode sna njihove djece. Mame i tate će na taj način lak&scaron;e moći shvatiti da je neophodno da puste dijete da slijedi vlastiti ritam.</p>', 'Klokanica', 'http://klokanica.24sata.hr/beba/razvoj-u-prvoj-godini/bebe-rastu-brze-dok-spavaju-4172', 0),
(50, 'Spavanje s roditeljima', 'http://klokanica.24sata.hr/slika/bebe-trebaju-spavati-u-sobi-s-roditeljima-ali-u-svom-kreveticu-15620-800x533-20161026105351.jpg', '<p><em><strong>Preporučuje se da bebe spavaju s roditeljima u sobi prvu godinu, ali pod ovim uvjetima - u krevetiću ili kolijevci, na tvrdoj podlozi, same, a ne u roditeljskom krevetu te uvijek na leđima</strong></em></p>\r\n<p>Kako bi smanjili rizik od SIDS-a (sindroma iznenadne dojenačke smrti) bebe bi trebale spavati s roditeljima u istoj sobi barem prvih &scaron;est mjeseci života, objavili je nove smjernice Američka akademija pedijatara.</p>\r\n<p>Idealno bi bilo da beba bude u roditeljskoj sobi cijelu prvu godinu. Međutim, ističu da prvih par mjeseci, otprilike do četiri mjeseca bebe ne trebaju dijeliti krevet s roditeljima jer to povećava rizik od SIDS-a. To se preporučuje i za bebe koje su rođene prijevremeno ili s malom porođajnom težinom.</p>\r\n<p>Najsigurnije mjesto za bebe je tvrda podloga u krevetiću ili kolijevci. U njima ne trebaju biti nikakvi jastuci niti za&scaron;titne ogradice.&nbsp;</p>\r\n<p>Spavanje u istoj sobi, ali ne i u istom krevetu može smanjiti rizik od SIDS-a za 50 posto, izjavila je dr. Lori Feldman-Winter, koautorica novih smjernica i istraživačica pedijatrica. Nove smjernice potiču kontakt koža-na-kožu odmah nakon poroda kako bi se spriječio SIDS.</p>\r\n<p>Kod poroda carskim rezom, majkama to treba omogućiti čim se probude, ako su bile uspavane, a do tada očevi ili druge bliske osobe trebaju držati bebu na golim prsima.&nbsp;</p>\r\n<p><strong>Nove smjernice</strong></p>\r\n<p>Dojenje također smanjuje rizik od SIDS-a. Iako se broj umrle djece od ovog sindroma već godinama smanjuje, on je i dalje vodeći uzrok smrtnosti novorođenčadi. Vi&scaron;e je razloga koji je mogu uzrokovati, od abnormalnosti na mozgu, respiratornih problema do spavanja na trbuhu ili na povr&scaron;inama koje povećavaju rizik od gu&scaron;enja.&nbsp;</p>\r\n<p>&nbsp;</p>\r\n<p><strong>Povijanje starijih beba povećava rizik od smrti u kolijevci</strong></p>\r\n<p>Većina ovih smrti javlja se kada bebe spavaju na trbuhu, na mekanoj povr&scaron;ini, kada dijele krevet s majkom ili drugim članovima obitelji. U novim smjernicama pedijatri ističu važnost stavljanja beba da spavaju na leđima, ba&scaron; svaki put i svugdje - danju, noću, kod kuće, kod bake ili u bolnici. Sve to omogućit će bebi dovoljno zraka, objasnio je pedijatar dr. Fern Hauck.&nbsp;</p>\r\n<p>Svaka peta smrt uzrokovana SIDS-om događa se van obiteljskog doma. Većina tih beba spavala je na trbuhu ili u kolicima ili autosjedalici umjesto u kolijevci ili krevetiću, otkrila je posebna studija.&nbsp;</p>\r\n<p>Ljudi često krivo zaključe da i drugi ljudi koji paze njihovu djecu znaju dovoljno o sigurnosti spavanja beba. To nije istina i roditelji moraju biti sigurni da oni kojima ostavljaju bebu znaju sve pojedinosti o sigurnosti prilikom bebina spavanja. Bebe uvijek treba staviti da spavaju same, na leđima i isključivo u kolijevci ili krevetiću, zaključio je pedijatar istraživač dr. Jeffrey Colvin, pi&scaron;e NBC News.&nbsp;</p>', 'Klokanica', 'http://klokanica.24sata.hr/beba/razvoj-u-prvoj-godini/bebe-trebaju-spavati-u-sobi-s-roditeljima-ali-u-svom-kreveticu-6922', 0),
(54, 'Bebe nam čitaju misli', 'http://klokanica.24sata.hr/slika/bebe-mogu-citati-nase-misli-15508-800x533-20161019140624.jpg', '<p>Bebe i djeca do 18 mjeseci mogu pogoditi &scaron;to ljudi misle, tvrde istraživači. U istraživanju su promatrana djeca iz ruralnih područja Kine, Ekvadora i Fidžija i otkriveno je da ona imaju mogućnost pogleda na svijet iz druge perspektive, mnogo ranije nego &scaron;to se prije mislilo.</p>\r\n<p>U ranijim istraživanjima navodilo se kako djeca dobivaju sposobnost da suosjećaju tek između četvrte i sedme godine. Međutim, u novoj studiji je otkriveno kako djeca iz različitih zemalja razvijaju taj osjećaj u različitim godinama.</p>\r\n<p>Tim sa Sveučili&scaron;ta Kalifornija proveo je test kognitivnih zadataka za bebe. U klasičnoj verziji testa starija osoba uđe u sobu i sakrije neki predmet, a potom dođe druga osoba koja uzme taj predmet i stavi ga u džep. Nakon toga u sobu uđe prva osoba i istraživači pitaju bebu gdje je ta osoba sakrila predmet. Cilj ovog testa bio je da se uvidi imaju li djeca razvijenu teoriju uma u smislu mogućnosti shvaćanja perspektive drugih ljudi.</p>\r\n<p>Djeca iz zemalja Zapada između četiri i sedam godina su obično davala točan odgovor, ali djeca iz drugih zemalja su odgovore davala u drugačijim starosnim dobima. Tijekom istraživanja praćeni su pokreti očiju kod djece i povezanost kulturalnih razlika s kognitivnim napretkom.</p>\r\n<p>U istraživanju je sudjelovalo 91 dijete u dobi od 19 mjeseci do pet godina iz tri zajednice u Kini, Fidžiju i Ekvadoru. Test je sniman kamerom. Na snimkama se vidi kako djeca automatski nakon pitanja gdje je osoba sakrila predmet gledaju u pravcu mjesta gdje je bio predmet.</p>\r\n<p>Istraživanja pokazuju kako djeca razviju ovu vrstu sposobnosti čitanja misli mnogo ranije nego &scaron;to se prije mislilo i da se godine kada pokazuju te sposobnosti razlikuju od kulture do kulture.</p>', 'Klokanica', 'http://klokanica.24sata.hr/beba/razvoj-u-prvoj-godini/bebe-mogu-citati-nase-misli-6829', 0),
(55, 'Ne bez recepta', 'http://klokanica.24sata.hr/media/img/b9/1f/d292a09f20b16814751f.jpeg', '<p><em>Djeca mogu dobiti dvostruko veću dozu daju li im se nasumce lijekovi za prehladu. Roditelji često napamet kupuju sirupe za ka&scaron;alj, a nije svaki ka&scaron;alj isti</em></p>\r\n<p>U sezoni prehlada roditelji poku&scaron;avaju djeci ublažiti simptome raznim lijekovima i sirupima koji se mogu kupiti bez recepta. Američki profesor farmaceutike Edward Bell sa Sveučili&scaron;ta Drake upozorava da ih ne bi trebalo davati olako jer se nuspojave kod djece i odraslih mogu značajno razlikovati.</p>\r\n<p>Dio tih lijekova nije pro&scaron;ao klinička testiranja i studije kakve su pro&scaron;li lijekovi koji se izdaju na recept. To je jedan od razloga zbog kojih Američka pedijatrijska akademija vi&scaron;e ne preporučuje lijekove bez recepta za djecu mlađu od četiri godine. Oni često sadrže iste aktivne tvari iako su namijenjeni za različite simptome.&nbsp;</p>\r\n<p>Tako mnogi lijekovi protiv prehlade sadrže acetaminofen, koji umanjuje bol i skida temperaturu. Daje li roditelj dva lijeka, jedan za bol, a drugi za temperaturu, dijete može dobiti dvostruko veću dozu acetaminofena od preporučene. Prof. Bell ističe i kako su sastojci takvih lijekova uglavnom neučinkoviti u smanjenju simptoma prehlade kod djece</p>\r\n<p>"Često su registrirani kao dodatak prehrani jer se tako lak&scaron;e plasiraju na trži&scaron;te. Ako ih već kupujete, to treba biti u ljekarnama kako biste dobili stručan savjet farmaceuta. Roditelji često napamet kupuju sirupe za ka&scaron;alj, a nije svaki ka&scaron;alj isti. Ako je ka&scaron;alj suh, primjerice, ne treba djetetu davati sirup za vlažni ka&scaron;alj", pojasnila je pedijatrica Giovana Armano.</p>', 'Klokanica', 'http://klokanica.24sata.hr/jaslice/zdravlje/nemojte-djeci-davati-sirupe-za-kasalj-bez-recepta-7367', 3),
(56, 'Ormarić s lijekovima', 'http://klokanica.24sata.hr/slika/ormaric-s-lijekovima-za-vase-dijete-358-469x313-20130613125826.jpg', '<p>O izboru lijekova za dijete trebali biste se svakako posavjetovati s ljekarnikom ili liječnikom. Naime, nije svejedno koji ste lijek odabrali za sniženje temperature ili protiv bolova. Primjerice, djeci do 16 godina starosti zabranjeno je davati acetilsalicilnu kiselinu jer može izazvati opasne simptome skupnog naziva Reyev sindrom.</p>\r\n<p>Svoju "malu kućnu ljekarnu" možete opremiti sljedećim lijekovima i priborom:</p>\r\n<p>Digitalni toplomjer - za mjerenje tjelesne temperature</p>\r\n<p>Lijekovi protiv temperature i boli - za djecu su lijekovi izbora paracetamol i ibuprofen u obliku sirupa ili čepića</p>\r\n<p>Odmjerna &scaron;prica ili žličica - za pravilno i točno doziranje lijekova</p>\r\n<p>Rehidracijska sol - za pripremu otopine kojom se nadoknađuje gubitak tekućine i minerala (elektrolita) kod povraćanja i proljeva, uz preporuku liječnika-pedijatra</p>\r\n<p>Probiotik - primjenjuje se kod proljeva, grčeva, neredovite probave i zatvora</p>\r\n<p>Kapi fiziolo&scaron;ke otopine ili izotonične otopine morske vode - za vlaženje i održavanje higijene nosa</p>\r\n<p>Nosni aspirator - za uklanjanje nakupljenog sekreta iz nosne &scaron;upljine kod začepljenog nosa</p>\r\n<p>Pribor za saniranje ogrebotina i rana - univerzalni antiseptik (sredstvo za dezinfekciju), sterilne gaze i sterilne komprese različitih dimenzija, zavoji različitih &scaron;irina i dužina, &scaron;karice</p>\r\n<p>Samoljepljiva medicinska traka - za pričvr&scaron;ćivanje obloga na rane</p>\r\n<p>Hladni gel oblog - idealan je za uporabu kod vrućice, nakon cijepljenja, nakon uboda insekata</p>\r\n<p>Malena baterija za provjeru uha, nosa, grla i oka</p>\r\n<p>Jednokratne medicinske drvene &scaron;patule - za pregled grla</p>\r\n<p>Dječje &scaron;karice s tupim vrhom i za&scaron;titnom kapicom - za njegu noktiju i kožice</p>\r\n<p>Pincete za vađenje krpelja i trnova</p>\r\n<p>70-postotni alkohol - za dezinfekciju toplomjera, pinceta i &scaron;kara</p>\r\n<p>Vazelin - za podmazivanje toplomjera za rektalnu primjenu</p>\r\n<p>Nježni dječji tekući sapun za pranje i dječji &scaron;ampon</p>\r\n<p>Dječja mast - za svakodnevnu za&scaron;titu i njegu nježne dječje kože</p>\r\n<p>&nbsp;</p>\r\n<p>Količine lijekova u kućnoj ljekarni</p>\r\n<p>Nije preporučljivo stvarati zalihe, jer lijekovi imaju rok valjanosti nakon čijeg isteka postaju manje djelotvorni a neki i &scaron;tetni, zato je potrebno redovito provjeravati rokove valjanosti lijekova koje držimo u kućnoj ljekarni.</p>\r\n<p>&nbsp;</p>\r\n<p>Gdje i kako čuvati lijekove?</p>\r\n<p>Posebnu pozornost treba obratiti na mjesto na kojem čuvamo lijekove. Sadržaj male kućne ljekarne treba čuvati u zaključanom ormariću ili sanitetskoj torbici, za&scaron;tićen od topline, vlage, izvora svjetlosti te izvan dohvata djece.</p>', 'Klokanica', 'http://klokanica.24sata.hr/beba/zdravlje-i-njega/ormaric-s-lijekovima-za-vase-dijete-299', 3),
(57, 'Kućni lijekovi', 'http://www.roditelji.hr/wp-content/uploads/2012/05/134723591_543302803.jpg', '<p>Va&scaron;a beba ima grčiće, začepljen nosić ili je muči zatvor? Bez brige! Postoje mali trikovi koje možete izvesti čak i kod kuće i lako rije&scaron;iti tipične boljke beba</p>\r\n<p><strong>Suzenje očiju</strong></p>\r\n<p>U većine djece suzni kanalići otvaraju se neposredno prije rođenja. Ipak, tekućina koja se počne lučiti potkraj prvog mjeseca stvarajući suze, ne može se često zbog vrlo uskih suznih kanalića probiti na povr&scaron;inu pa se nakuplja u očima ili čak spu&scaron;ta u nosić. Zbog stalna suzenja dijete može imati problem sa slijepljenim kapcima, a katkad nastaje i upala. Za taj problem možete potražiti pomoć liječnika koji će vam propisati posebne kapljice ili antibiotske kreme.</p>\r\n<p>Sami kod kuće možete potaknuti brže otvaranje kanalića nježnim masiranjem toga područja. Prije masaže odrežite nokte, dobro operite ruke pa kružnim pokretima vrlo lagano masirajte područje korijena nosa sve do kuta oka. Ako oči zbog masaže nateknu ili se zacrvene, bolje je da odmah prestanete s masažom.</p>\r\n<p><strong>Grčevi</strong></p>\r\n<p>Mnoge bebe pate od grčeva prvih mjeseci života, najče&scaron;će zato &scaron;to se pri dojenju, sisanju bočice ili ispijanju tekućine nagutaju zraka. Zato se uvijek pobrinite da dijete nakon obroka ili pića podrigne i izbaci progutan zrak. Ako podrigivanje ne pomogne, tada možete na trbu&scaron;čić stavljati tople obloge i masirati ga lagano kružnim pokretima u smjeru kazaljke na satu oko pupka. Pri masaži se možete koristiti i kimovim uljem koje može donijeti olak&scaron;anje jer umiruje crijeva. Kružni dodiri mogu pomoći djetetu da se oslobodi vjetrova, a na kraju čak i da lak&scaron;e izbaci stolicu.</p>\r\n<p><strong>Proljev</strong></p>\r\n<p>Snažan proljev može za bebu biti opasan jer u kratkom vremenu iz tijela izađe mnogo tekućine i elektrolita. Proljev nije svaka mekana ili vrlo mekana stolica, nego stolica koja je mek&scaron;a od djetetove uobičajene stolice, obavezno ima vrlo neugodan miris i sadržava sluz te je posljedica visoke temperature ili neke bolesti. Sa sasvim malenom bebom treba poći liječniku koji će propisati rehidracijski pripravak.</p>\r\n<p>Ako va&scaron;a beba ne voli piti iz bočice, otopinu joj možete dati pomoću plastične injekcije koju kupite u ljekarni. Injekciju prislonite uz kut usana i lagano istiskujte tekućinu. Za bebe na prsima u ovoj situaciji nema bolje pomoći od če&scaron;ćeg stavljanja na prsa. Tako dobivaju potrebnu tekućinu i brže se oporavljaju zbog antibakterijskih svojstava majčina mlijeka. Mali&scaron;ani na bočicama mogu piti vi&scaron;e jače razrijeđenog umjetnog mlijeka.</p>\r\n<p><strong>Vrućica</strong></p>\r\n<p>Za početak najvažnije pravilo! Ako beba do tri mjeseca života dobije vrućicu, obavezno pođite liječniku. Kod starijeg djeteta sve ovisi o njegovu sveopćem stanju &ndash; izgledu i pona&scaron;anju. To znači da mu treba davati puno tekućine (od čajeva, sokova, vode ili ga dojiti), lagano ga odjenuti ako osjećate da ima temperaturu i vruće mu je, odnosno toplije ga odjenuti ako se trese. Prijeđe li temperatura 38,5 &ndash; odnosno 39 stupnjeva mjerena ispod pazuha &ndash; tada je treba spu&scaron;tati kupanjem u mlakoj vodi (najbolje na temperaturi od 32 do 33 stupnja) ili zamatanjem u vlažni ručnik (tako umotano dijete umotajte zatim u suhi ručnik i držite ga 5 do 10 minuta). Postupci se prema potrebi mogu ponoviti.</p>\r\n<p>Ako su na&scaron;i stari znali skidati temperaturu hladnim oblozima ili oblozima od rakije, to nemojte raditi jer ćete time naglo ohladiti samo povr&scaron;inu kože, potaknuti stezanje krvnih žila i samim time otežati hlađenje tijela. Pored toga za dijete nikako nije dobro udisanje alkoholnih para koje se pritom oslobađaju. Upornu i vrlo visoku temperaturu vjerojatno ćete morati skidati lijekovima, za &scaron;to se posavjetujte s liječnikom. Kod djece najbolji učinak imaju lijekovi s paracetamolom, a zatim alternativno i ibuprofenom. Upotrebljavajte pripravke u dozama namijenjenima djeci i bebama (sirupi, čepići, kapsule).</p>\r\n<p>Čepići obično najbrže počnu djelovati. Djeci do 12 godina zabranjeno je davati Aspirin i Andol jer mogu izazvati ozbiljne posljedice za njihovo zdravlje.</p>\r\n<p><strong>Ka&scaron;alj</strong></p>\r\n<p>Ka&scaron;alj je neugodan simptom čitavog niza bolesti zbog čega ga treba poku&scaron;ati &scaron;to prije izliječiti. Kod male djece te&scaron;ko je odrediti muči li ih vlažan ili suh ka&scaron;alj jer nam to ne mogu reći. Najče&scaron;će, dijete na ka&scaron;alj tjera tekućina koja se slijeva u ždrijelo i podražuje sluznicu. Pomoć za malo dijete može biti ovlaživač zraka, odnosno stavljanje posuda s vodom ili mokrih ručnika na radijatore te povećan unos tekućine. Lijek za ka&scaron;alj tako malome djetetu možete dati samo uz preporuku liječnika.</p>\r\n<p><strong>Začepljen nosić</strong></p>\r\n<p>Ovaj problem muči mnoge mame malenih bebica, pogotovo kad su bolesne i ne mogu noću spavati. Dijete ne zna ispuhati nosić pa mu sekret sa sluzi moramo nekako izvući i olak&scaron;ati mu disanje. Kako biste olak&scaron;ali djetetu, za početak je najbolje nabaviti ovlaživač zraka ili na radijatore staviti vlažne ručnike te djetetu davati dovoljno tekućine. Osim toga, nosić redovito ispirite slanom vodom ili fiziolo&scaron;kom otopinom te nabavite aspirator.</p>\r\n<p>Danas osim ručnih i na baterije možete birati i između aspiratora koji se priključuju na usisivač i vrlo dobro izvlače sekret. Mnoge majke su vrlo zadovoljne ovim načinom či&scaron;ćenja nosića jer je zaista učinkovit. Potrebno je prije izvlačenja sekreta dijete polegnuti, nosić natopiti fiziolo&scaron;kom otopinom (zgodno je to napraviti pomoću injekcije koju nabavite u ljekarni), jednu nosnicu začepiti, a iz druge izvlačiti sekret. Zatim isti postupak ponoviti i na drugu nosnicu. Najbolje je da čitavi postupak izvode dvije osobe, jedna koja će pridržavati dijete i druga koja će čistiti nosić. Nemojte pretjerati s čisćenjem nosića aspiratorom jer može doći do ozljede nosića. Nađe li se u aspiratoru malo sukrvice, odmah prestanite i odložite aspirator na nekoliko dana. Budite nježniji. Kapima za nos koristite se samo uz liječničku preporuku.</p>', 'Roditelji.hr', 'http://www.roditelji.hr/beba/zdravlje-i-prehrana/1766-mali-kucni-lijekovi/', 3);

-- --------------------------------------------------------

--
-- Table structure for table `preporucenot`
--

CREATE TABLE `preporucenot` (
  `id` int(11) NOT NULL,
  `mjesec` int(11) NOT NULL,
  `vrjMin` float NOT NULL,
  `vrjMax` float NOT NULL
) ENGINE=InnoDB DEFAULT CHARSET=utf8;

--
-- Dumping data for table `preporucenot`
--

INSERT INTO `preporucenot` (`id`, `mjesec`, `vrjMin`, `vrjMax`) VALUES
(1, 0, 2300, 4200),
(2, 1, 2900, 5600),
(3, 2, 3400, 6700),
(4, 3, 4000, 7600),
(5, 4, 4600, 8400),
(6, 5, 5100, 9100),
(7, 6, 5600, 9700),
(8, 7, 6000, 10200),
(9, 8, 6400, 10700),
(10, 9, 6700, 11100),
(11, 10, 7000, 11500),
(12, 11, 7300, 11900),
(13, 12, 7600, 12200);

-- --------------------------------------------------------

--
-- Table structure for table `preporucenov`
--

CREATE TABLE `preporucenov` (
  `id` int(11) NOT NULL,
  `mjesec` int(11) NOT NULL,
  `vrjMin` float NOT NULL,
  `vrjMax` float NOT NULL
) ENGINE=InnoDB DEFAULT CHARSET=utf8;

--
-- Dumping data for table `preporucenov`
--

INSERT INTO `preporucenov` (`id`, `mjesec`, `vrjMin`, `vrjMax`) VALUES
(1, 0, 45.8, 54.8),
(2, 1, 49.2, 59.2),
(3, 2, 52.2, 62.9),
(4, 3, 54.9, 66.1),
(5, 4, 57.2, 68.7),
(6, 5, 59.2, 71),
(7, 6, 61, 72.9),
(8, 7, 62.5, 74.5),
(9, 8, 64, 76),
(10, 9, 65.3, 77.3),
(11, 10, 66.6, 78.6),
(12, 11, 67.8, 79.9),
(13, 12, 69, 81);

--
-- Indexes for dumped tables
--

--
-- Indexes for table `djete`
--
ALTER TABLE `djete`
  ADD PRIMARY KEY (`iddjete`),
  ADD KEY `roditeljFK_idx` (`roditeljID`);

--
-- Indexes for table `djetepodaci`
--
ALTER TABLE `djetepodaci`
  ADD PRIMARY KEY (`iddjetePodaci`),
  ADD KEY `DjeteIDfk_idx` (`djeteID`);

--
-- Indexes for table `korisnik`
--
ALTER TABLE `korisnik`
  ADD PRIMARY KEY (`idkorisnik`),
  ADD UNIQUE KEY `email_UNIQUE` (`email`);

--
-- Indexes for table `postovi`
--
ALTER TABLE `postovi`
  ADD PRIMARY KEY (`idpostovi`);

--
-- Indexes for table `preporucenot`
--
ALTER TABLE `preporucenot`
  ADD PRIMARY KEY (`id`);

--
-- Indexes for table `preporucenov`
--
ALTER TABLE `preporucenov`
  ADD PRIMARY KEY (`id`);

--
-- AUTO_INCREMENT for dumped tables
--

--
-- AUTO_INCREMENT for table `djete`
--
ALTER TABLE `djete`
  MODIFY `iddjete` int(11) NOT NULL AUTO_INCREMENT, AUTO_INCREMENT=13;
--
-- AUTO_INCREMENT for table `djetepodaci`
--
ALTER TABLE `djetepodaci`
  MODIFY `iddjetePodaci` int(11) NOT NULL AUTO_INCREMENT, AUTO_INCREMENT=49;
--
-- AUTO_INCREMENT for table `korisnik`
--
ALTER TABLE `korisnik`
  MODIFY `idkorisnik` int(11) NOT NULL AUTO_INCREMENT, AUTO_INCREMENT=14;
--
-- AUTO_INCREMENT for table `postovi`
--
ALTER TABLE `postovi`
  MODIFY `idpostovi` int(11) NOT NULL AUTO_INCREMENT, AUTO_INCREMENT=58;
--
-- AUTO_INCREMENT for table `preporucenot`
--
ALTER TABLE `preporucenot`
  MODIFY `id` int(11) NOT NULL AUTO_INCREMENT, AUTO_INCREMENT=14;
--
-- AUTO_INCREMENT for table `preporucenov`
--
ALTER TABLE `preporucenov`
  MODIFY `id` int(11) NOT NULL AUTO_INCREMENT, AUTO_INCREMENT=14;
--
-- Constraints for dumped tables
--

--
-- Constraints for table `djete`
--
ALTER TABLE `djete`
  ADD CONSTRAINT `roditeljFK` FOREIGN KEY (`roditeljID`) REFERENCES `korisnik` (`idkorisnik`) ON DELETE CASCADE ON UPDATE CASCADE;

--
-- Constraints for table `djetepodaci`
--
ALTER TABLE `djetepodaci`
  ADD CONSTRAINT `DjeteIDfk` FOREIGN KEY (`djeteID`) REFERENCES `djete` (`iddjete`) ON DELETE CASCADE ON UPDATE CASCADE;

/*!40101 SET CHARACTER_SET_CLIENT=@OLD_CHARACTER_SET_CLIENT */;
/*!40101 SET CHARACTER_SET_RESULTS=@OLD_CHARACTER_SET_RESULTS */;
/*!40101 SET COLLATION_CONNECTION=@OLD_COLLATION_CONNECTION */;
